Score,PtsW,PtsL,Count,W_Team,L_Team,Month,Day,Year
27-21,27,21,97,Miami Dolphins,New York Jets,9,29,2025
28-3,28,3,28,Denver Broncos,Cincinnati Bengals,9,29,2025
24-21,24,21,160,Pittsburgh Steelers,Minnesota Vikings,9,28,2025
27-20,27,20,132,Los Angeles Rams,Indianapolis Colts,9,28,2025
34-27,34,27,54,Atlanta Falcons,Washington Commanders,9,28,2025
34-10,34,10,46,Detroit Lions,Cleveland Browns,9,28,2025
26-21,26,21,41,Jacksonville Jaguars,San Francisco 49ers,9,28,2025
26-0,26,0,31,Houston Texans,Tennessee Titans,9,28,2025
37-20,37,20,27,Kansas City Chiefs,Baltimore Ravens,9,28,2025
25-24,25,24,19,Chicago Bears,Las Vegas Raiders,9,28,2025
21-18,21,18,18,New York Giants,Los Angeles Chargers,9,28,2025
31-19,31,19,17,Buffalo Bills,New Orleans Saints,9,28,2025
42-13,42,13,8,New England Patriots,Carolina Panthers,9,28,2025
31-25,31,25,7,Philadelphia Eagles,Tampa Bay Buccaneers,9,28,2025
40-40,40,40,1,Dallas Cowboys,Green Bay Packers,9,28,2025
23-20,23,20,213,Seattle Seahawks,Arizona Cardinals,9,25,2025
38-30,38,30,9,Detroit Lions,Baltimore Ravens,9,22,2025
13-10,13,10,170,Cleveland Browns,Green Bay Packers,9,21,2025
17-10,17,10,150,Jacksonville Jaguars,Houston Texans,9,21,2025
21-14,21,14,101,Pittsburgh Steelers,New England Patriots,9,21,2025
31-14,31,14,93,Chicago Bears,Dallas Cowboys,9,21,2025
30-0,30,0,22,Carolina Panthers,Atlanta Falcons,9,21,2025
41-24,41,24,20,Washington Commanders,Las Vegas Raiders,9,21,2025
29-27,29,27,19,Tampa Bay Buccaneers,New York Jets,9,21,2025
41-20,41,20,15,Indianapolis Colts,Tennessee Titans,9,21,2025
16-15,16,15,15,San Francisco 49ers,Arizona Cardinals,9,21,2025
48-10,48,10,9,Minnesota Vikings,Cincinnati Bengals,9,21,2025
44-13,44,13,7,Seattle Seahawks,New Orleans Saints,9,21,2025
22-9,22,9,7,Kansas City Chiefs,New York Giants,9,21,2025
33-26,33,26,5,Philadelphia Eagles,Los Angeles Rams,9,21,2025
31-21,31,21,83,Buffalo Bills,Miami Dolphins,9,18,2025
20-19,20,19,48,Tampa Bay Buccaneers,Houston Texans,9,15,2025
20-9,20,9,23,Los Angeles Chargers,Las Vegas Raiders,9,15,2025
20-17,20,17,298,Philadelphia Eagles,Kansas City Chiefs,9,14,2025
31-17,31,17,105,Seattle Seahawks,Pittsburgh Steelers,9,14,2025
30-10,30,10,61,Buffalo Bills,New York Jets,9,14,2025
31-27,31,27,56,Cincinnati Bengals,Jacksonville Jaguars,9,14,2025
33-27,33,27,28,New England Patriots,Miami Dolphins,9,14,2025
41-17,41,17,24,Baltimore Ravens,Cleveland Browns,9,14,2025
27-22,27,22,21,Arizona Cardinals,Carolina Panthers,9,14,2025
29-28,29,28,15,Indianapolis Colts,Denver Broncos,9,14,2025
52-21,52,21,10,Detroit Lions,Chicago Bears,9,14,2025
33-19,33,19,10,Los Angeles Rams,Tennessee Titans,9,14,2025
22-6,22,6,7,Atlanta Falcons,Minnesota Vikings,9,14,2025
40-37,40,37,3,Dallas Cowboys,New York Giants,9,14,2025
27-18,27,18,2,Green Bay Packers,Washington Commanders,9,11,2025
27-24,27,24,238,Minnesota Vikings,Chicago Bears,9,8,2025
20-13,20,13,120,Arizona Cardinals,New Orleans Saints,9,7,2025
17-13,17,13,110,San Francisco 49ers,Seattle Seahawks,9,7,2025
17-16,17,16,85,Cincinnati Bengals,Cleveland Browns,9,7,2025
27-13,27,13,77,Green Bay Packers,Detroit Lions,9,7,2025
26-10,26,10,45,Jacksonville Jaguars,Carolina Panthers,9,7,2025
20-12,20,12,30,Denver Broncos,Tennessee Titans,9,7,2025
14-9,14,9,28,Los Angeles Rams,Houston Texans,9,7,2025
21-6,21,6,21,Washington Commanders,New York Giants,9,7,2025
34-32,34,32,4,Pittsburgh Steelers,New York Jets,9,7,2025
33-8,33,8,2,Indianapolis Colts,Miami Dolphins,9,7,2025
41-40,41,40,1,Buffalo Bills,Baltimore Ravens,9,7,2025
24-20,24,20,120,Philadelphia Eagles,Dallas Cowboys,9,4,2025
40-22,40,22,2,Philadelphia Eagles,Kansas City Chiefs,2,9,2025
32-29,32,29,8,Kansas City Chiefs,Buffalo Bills,1,26,2025
55-23,55,23,2,Philadelphia Eagles,Washington Commanders,1,26,2025
28-22,28,22,13,Philadelphia Eagles,Los Angeles Rams,1,19,2025
27-25,27,25,11,Buffalo Bills,Baltimore Ravens,1,19,2025
23-14,23,14,52,Kansas City Chiefs,Houston Texans,1,18,2025
45-31,45,31,9,Washington Commanders,Detroit Lions,1,18,2025
27-9,27,9,16,Los Angeles Rams,Minnesota Vikings,1,13,2025
31-7,31,7,82,Buffalo Bills,Denver Broncos,1,12,2025
22-10,22,10,21,Philadelphia Eagles,Green Bay Packers,1,12,2025
28-14,28,14,70,Baltimore Ravens,Pittsburgh Steelers,1,11,2025
32-12,32,12,1,Houston Texans,Los Angeles Chargers,1,11,2025
34-20,34,20,53,Los Angeles Chargers,Las Vegas Raiders,1,5,2025
23-16,23,16,52,New England Patriots,Buffalo Bills,1,5,2025
24-22,24,22,37,Chicago Bears,Green Bay Packers,1,5,2025
38-0,38,0,23,Denver Broncos,Kansas City Chiefs,1,5,2025
27-19,27,19,23,Tampa Bay Buccaneers,New Orleans Saints,1,5,2025
23-19,23,19,20,Washington Commanders,Dallas Cowboys,1,5,2025
31-9,31,9,13,Detroit Lions,Minnesota Vikings,1,5,2025
44-38,44,38,7,Carolina Panthers,Atlanta Falcons,1,5,2025
32-20,32,20,5,New York Jets,Miami Dolphins,1,5,2025
30-25,30,25,3,Seattle Seahawks,Los Angeles Rams,1,5,2025
47-24,47,24,2,Arizona Cardinals,San Francisco 49ers,1,5,2025
19-17,19,17,60,Cincinnati Bengals,Pittsburgh Steelers,1,4,2025
35-10,35,10,23,Baltimore Ravens,Cleveland Browns,1,4,2025
40-34,40,34,9,Detroit Lions,San Francisco 49ers,12,30,2024
20-3,20,3,65,Miami Dolphins,Cleveland Browns,12,29,2024
30-24,30,24,65,Washington Commanders,Atlanta Falcons,12,29,2024
41-7,41,7,25,Philadelphia Eagles,Dallas Cowboys,12,29,2024
40-14,40,14,18,Buffalo Bills,New York Jets,12,29,2024
25-10,25,10,11,Las Vegas Raiders,New Orleans Saints,12,29,2024
48-14,48,14,8,Tampa Bay Buccaneers,Carolina Panthers,12,29,2024
45-33,45,33,2,New York Giants,Indianapolis Colts,12,29,2024
13-9,13,9,35,Los Angeles Rams,Arizona Cardinals,12,28,2024
40-7,40,7,21,Los Angeles Chargers,New England Patriots,12,28,2024
3-Jun,6,3,35,Seattle Seahawks,Chicago Bears,12,26,2024
29-10,29,10,19,Kansas City Chiefs,Pittsburgh Steelers,12,25,2024
31-2,31,2,3,Baltimore Ravens,Houston Texans,12,25,2024
34-0,34,0,47,Green Bay Packers,New Orleans Saints,12,23,2024
34-17,34,17,67,Detroit Lions,Chicago Bears,12,22,2024
34-7,34,7,66,Atlanta Falcons,New York Giants,12,22,2024
19-14,19,14,48,Las Vegas Raiders,Jacksonville Jaguars,12,22,2024
26-24,26,24,44,Dallas Cowboys,Tampa Bay Buccaneers,12,22,2024
24-6,24,6,39,Cincinnati Bengals,Cleveland Browns,12,22,2024
19-9,19,9,16,Los Angeles Rams,New York Jets,12,22,2024
29-17,29,17,13,Miami Dolphins,San Francisco 49ers,12,22,2024
36-30,36,30,8,Carolina Panthers,Arizona Cardinals,12,22,2024
36-33,36,33,7,Washington Commanders,Philadelphia Eagles,12,22,2024
30-12,30,12,12,Minnesota Vikings,Chicago Bears,12,16,2024
15-9,15,9,5,Atlanta Falcons,Las Vegas Raiders,12,16,2024
21-7,21,7,85,Kansas City Chiefs,Cleveland Browns,12,15,2024
31-13,31,13,64,Denver Broncos,Indianapolis Colts,12,15,2024
35-14,35,14,55,Baltimore Ravens,New York Giants,12,15,2024
30-17,30,17,54,Arizona Cardinals,New England Patriots,12,15,2024
30-14,30,14,53,Dallas Cowboys,Carolina Panthers,12,15,2024
30-13,30,13,45,Green Bay Packers,Seattle Seahawks,12,15,2024
37-27,37,27,15,Cincinnati Bengals,Tennessee Titans,12,15,2024
40-17,40,17,10,Tampa Bay Buccaneers,Los Angeles Chargers,12,15,2024
32-25,32,25,4,New York Jets,Jacksonville Jaguars,12,15,2024
48-42,48,42,1,Buffalo Bills,Detroit Lions,12,15,2024
6-Dec,12,6,16,Los Angeles Rams,San Francisco 49ers,12,12,2024
27-14,27,14,86,Pittsburgh Steelers,Cleveland Browns,12,8,2024
6-Oct,10,6,61,Jacksonville Jaguars,Tennessee Titans,12,8,2024
28-13,28,13,40,Tampa Bay Buccaneers,Las Vegas Raiders,12,8,2024
42-21,42,21,25,Minnesota Vikings,Atlanta Falcons,12,8,2024
22-16,22,16,21,Philadelphia Eagles,Carolina Panthers,12,8,2024
38-13,38,13,21,San Francisco 49ers,Chicago Bears,12,8,2024
30-18,30,18,4,Seattle Seahawks,Arizona Cardinals,12,8,2024
14-11,14,11,4,New Orleans Saints,New York Giants,12,8,2024
44-42,44,42,2,Los Angeles Rams,Buffalo Bills,12,8,2024
32-26,32,26,1,Miami Dolphins,New York Jets,12,8,2024
34-31,34,31,81,Detroit Lions,Green Bay Packers,12,5,2024
41-32,41,32,2,Denver Broncos,Cleveland Browns,12,2,2024
24-19,24,19,35,Philadelphia Eagles,Baltimore Ravens,12,1,2024
23-22,23,22,16,Minnesota Vikings,Arizona Cardinals,12,1,2024
42-19,42,19,5,Washington Commanders,Tennessee Titans,12,1,2024
30-23,30,23,41,Baltimore Ravens,Los Angeles Chargers,11,25,2024
30-27,30,27,95,Kansas City Chiefs,Carolina Panthers,11,24,2024
38-10,38,10,54,Green Bay Packers,San Francisco 49ers,11,24,2024
30-7,30,7,48,Tampa Bay Buccaneers,New York Giants,11,24,2024
16-6,16,6,34,Seattle Seahawks,Arizona Cardinals,11,24,2024
34-26,34,26,10,Dallas Cowboys,Washington Commanders,11,24,2024
29-19,29,19,6,Denver Broncos,Las Vegas Raiders,11,24,2024
34-15,34,15,6,Miami Dolphins,New England Patriots,11,24,2024
32-27,32,27,4,Tennessee Titans,Houston Texans,11,24,2024
23-13,23,13,52,Minnesota Vikings,Tennessee Titans,11,17,2024
28-27,28,27,43,Indianapolis Colts,New York Jets,11,17,2024
30-21,30,21,31,Buffalo Bills,Kansas City Chiefs,11,17,2024
38-6,38,6,12,Denver Broncos,Atlanta Falcons,11,17,2024
34-19,34,19,9,Miami Dolphins,Las Vegas Raiders,11,17,2024
18-16,18,16,9,Pittsburgh Steelers,Baltimore Ravens,11,17,2024
52-6,52,6,1,Detroit Lions,Jacksonville Jaguars,11,17,2024
26-18,26,18,11,Philadelphia Eagles,Washington Commanders,11,14,2024
23-15,23,15,11,Miami Dolphins,Los Angeles Rams,11,11,2024
27-17,27,17,124,Los Angeles Chargers,Tennessee Titans,11,10,2024
16-14,16,14,65,Kansas City Chiefs,Denver Broncos,11,10,2024
30-20,30,20,52,Buffalo Bills,Indianapolis Colts,11,10,2024
31-6,31,6,25,Arizona Cardinals,New York Jets,11,10,2024
7-Dec,12,7,24,Minnesota Vikings,Jacksonville Jaguars,11,10,2024
19-3,19,3,19,New England Patriots,Chicago Bears,11,10,2024
34-6,34,6,10,Philadelphia Eagles,Dallas Cowboys,11,10,2024
35-34,35,34,10,Baltimore Ravens,Cincinnati Bengals,11,7,2024
24-14,24,14,140,Detroit Lions,Green Bay Packers,11,3,2024
27-10,27,10,104,Los Angeles Chargers,Cleveland Browns,11,3,2024
26-20,26,20,58,Los Angeles Rams,Seattle Seahawks,11,3,2024
21-13,21,13,52,Minnesota Vikings,Indianapolis Colts,11,3,2024
41-10,41,10,37,Baltimore Ravens,Denver Broncos,11,3,2024
28-23,28,23,33,Philadelphia Eagles,Jacksonville Jaguars,11,3,2024
29-9,29,9,3,Arizona Cardinals,Chicago Bears,11,3,2024
31-10,31,10,76,Buffalo Bills,Seattle Seahawks,10,27,2024
31-26,31,26,21,Atlanta Falcons,Tampa Bay Buccaneers,10,27,2024
37-17,37,17,15,Philadelphia Eagles,Cincinnati Bengals,10,27,2024
29-24,29,24,15,Cleveland Browns,Baltimore Ravens,10,27,2024
25-22,25,22,14,New England Patriots,New York Jets,10,27,2024
18-15,18,15,9,Washington Commanders,Chicago Bears,10,27,2024
52-14,52,14,7,Detroit Lions,Tennessee Titans,10,27,2024
26-8,26,8,3,Los Angeles Chargers,New Orleans Saints,10,27,2024
17-15,17,15,15,Arizona Cardinals,Los Angeles Chargers,10,21,2024
41-31,41,31,12,Baltimore Ravens,Tampa Bay Buccaneers,10,21,2024
16-10,16,10,85,Indianapolis Colts,Miami Dolphins,10,20,2024
34-14,34,14,61,Seattle Seahawks,Atlanta Falcons,10,20,2024
20-15,20,15,17,Los Angeles Rams,Las Vegas Raiders,10,20,2024
31-29,31,29,12,Detroit Lions,Minnesota Vikings,10,20,2024
28-18,28,18,8,Kansas City Chiefs,San Francisco 49ers,10,20,2024
37-15,37,15,4,Pittsburgh Steelers,New York Jets,10,20,2024
32-16,32,16,4,Jacksonville Jaguars,New England Patriots,10,20,2024
33-10,33,10,15,Denver Broncos,New Orleans Saints,10,17,2024
17-7,17,7,109,Cincinnati Bengals,New York Giants,10,13,2024
20-16,20,16,67,Philadelphia Eagles,Cleveland Browns,10,13,2024
34-13,34,13,45,Green Bay Packers,Arizona Cardinals,10,13,2024
38-20,38,20,34,Atlanta Falcons,Carolina Panthers,10,13,2024
41-21,41,21,27,Houston Texans,New England Patriots,10,13,2024
35-16,35,16,12,Chicago Bears,Jacksonville Jaguars,10,13,2024
32-13,32,13,7,Pittsburgh Steelers,Las Vegas Raiders,10,13,2024
51-27,51,27,3,Tampa Bay Buccaneers,New Orleans Saints,10,13,2024
47-9,47,9,1,Detroit Lions,Dallas Cowboys,10,13,2024
36-24,36,24,3,San Francisco 49ers,Seattle Seahawks,10,10,2024
26-13,26,13,22,Kansas City Chiefs,New Orleans Saints,10,7,2024
23-17,23,17,128,Minnesota Vikings,New York Jets,10,6,2024
24-23,24,23,77,Arizona Cardinals,San Francisco 49ers,10,6,2024
37-34,37,34,37,Jacksonville Jaguars,Indianapolis Colts,10,6,2024
15-10,15,10,25,Miami Dolphins,New England Patriots,10,6,2024
41-38,41,38,22,Baltimore Ravens,Cincinnati Bengals,10,6,2024
29-20,29,20,12,New York Giants,Seattle Seahawks,10,6,2024
36-10,36,10,10,Chicago Bears,Carolina Panthers,10,6,2024
34-18,34,18,4,Denver Broncos,Las Vegas Raiders,10,6,2024
31-12,31,12,6,Tennessee Titans,Miami Dolphins,9,30,2024
42-29,42,29,2,Detroit Lions,Seattle Seahawks,9,30,2024
34-24,34,24,63,Cincinnati Bengals,Carolina Panthers,9,29,2024
9-Oct,10,9,37,Denver Broncos,New York Jets,9,29,2024
42-14,42,14,29,Washington Commanders,Arizona Cardinals,9,29,2024
33-16,33,16,9,Tampa Bay Buccaneers,Philadelphia Eagles,9,29,2024
24-18,24,18,8,Chicago Bears,Los Angeles Rams,9,29,2024
47-10,47,10,6,Buffalo Bills,Jacksonville Jaguars,9,23,2024
38-33,38,33,6,Washington Commanders,Cincinnati Bengals,9,23,2024
20-10,20,10,124,Pittsburgh Steelers,Los Angeles Chargers,9,22,2024
24-3,24,3,64,Seattle Seahawks,Miami Dolphins,9,22,2024
21-16,21,16,49,Indianapolis Colts,Chicago Bears,9,22,2024
26-7,26,7,36,Denver Broncos,Tampa Bay Buccaneers,9,22,2024
22-17,22,17,26,Kansas City Chiefs,Atlanta Falcons,9,22,2024
28-25,28,25,22,Baltimore Ravens,Dallas Cowboys,9,22,2024
36-22,36,22,11,Carolina Panthers,Las Vegas Raiders,9,22,2024
15-12,15,12,9,Philadelphia Eagles,New Orleans Saints,9,22,2024
21-15,21,15,4,New York Giants,Cleveland Browns,9,22,2024
22-21,22,21,22,Atlanta Falcons,Philadelphia Eagles,9,16,2024
24-17,24,17,179,New York Jets,Tennessee Titans,9,15,2024
13-6,13,6,55,Pittsburgh Steelers,Denver Broncos,9,15,2024
19-13,19,13,51,Houston Texans,Chicago Bears,9,15,2024
26-3,26,3,21,Los Angeles Chargers,Carolina Panthers,9,15,2024
18-13,18,13,5,Cleveland Browns,Jacksonville Jaguars,9,15,2024
26-25,26,25,3,Kansas City Chiefs,Cincinnati Bengals,9,15,2024
44-19,44,19,1,New Orleans Saints,Dallas Cowboys,9,15,2024
32-19,32,19,1,San Francisco 49ers,New York Jets,9,9,2024
34-28,34,28,42,Buffalo Bills,Arizona Cardinals,9,8,2024
33-17,33,17,28,Dallas Cowboys,Cleveland Browns,9,8,2024
28-6,28,6,20,Minnesota Vikings,New York Giants,9,8,2024
18-10,18,10,7,Pittsburgh Steelers,Atlanta Falcons,9,8,2024
34-29,34,29,8,Philadelphia Eagles,Green Bay Packers,9,6,2024
31-23,31,23,35,Detroit Lions,Tampa Bay Buccaneers,1,21,2024
32-9,32,9,2,Tampa Bay Buccaneers,Philadelphia Eagles,1,15,2024
48-32,48,32,2,Green Bay Packers,Dallas Cowboys,1,14,2024
45-14,45,14,21,Houston Texans,Cleveland Browns,1,13,2024
21-20,21,20,73,Los Angeles Rams,San Francisco 49ers,1,7,2024
17-3,17,3,64,New York Jets,New England Patriots,1,7,2024
28-20,28,20,44,Tennessee Titans,Jacksonville Jaguars,1,7,2024
17-9,17,9,38,Green Bay Packers,Chicago Bears,1,7,2024
Sep-00,9,0,32,Tampa Bay Buccaneers,Carolina Panthers,1,7,2024
13-12,13,12,22,Kansas City Chiefs,Los Angeles Chargers,1,7,2024
48-17,48,17,12,New Orleans Saints,Atlanta Falcons,1,7,2024
35-31,35,31,21,Arizona Cardinals,Philadelphia Eagles,12,31,2023
25-17,25,17,14,Kansas City Chiefs,Cincinnati Bengals,12,31,2023
16-9,16,9,14,Denver Broncos,Los Angeles Chargers,12,31,2023
56-19,56,19,1,Baltimore Ravens,Miami Dolphins,12,31,2023
20-14,20,14,98,Las Vegas Raiders,Kansas City Chiefs,12,25,2023
33-25,33,25,7,Philadelphia Eagles,New York Giants,12,25,2023
30-28,30,28,43,New York Jets,Washington Commanders,12,24,2023
27-16,27,16,34,Chicago Bears,Arizona Cardinals,12,24,2023
33-30,33,30,26,Green Bay Packers,Carolina Panthers,12,24,2023
22-20,22,20,18,Miami Dolphins,Dallas Cowboys,12,24,2023
34-11,34,11,4,Pittsburgh Steelers,Cincinnati Bengals,12,23,2023
30-22,30,22,10,Los Angeles Rams,New Orleans Saints,12,21,2023
23-7,23,7,72,Baltimore Ravens,Jacksonville Jaguars,12,17,2023
19-16,19,16,55,Houston Texans,Tennessee Titans,12,17,2023
7-Sep,9,7,40,Carolina Panthers,Atlanta Falcons,12,17,2023
45-29,45,29,3,San Francisco 49ers,Arizona Cardinals,12,17,2023
42-17,42,17,23,Detroit Lions,Denver Broncos,12,16,2023
63-21,63,21,1,Las Vegas Raiders,Los Angeles Chargers,12,14,2023
24-7,24,7,83,Denver Broncos,Los Angeles Chargers,12,10,2023
Mar-00,3,0,60,Minnesota Vikings,Las Vegas Raiders,12,10,2023
37-31,37,31,30,Baltimore Ravens,Los Angeles Rams,12,10,2023
28-16,28,16,24,San Francisco 49ers,Seattle Seahawks,12,10,2023
33-13,33,13,17,Dallas Cowboys,Philadelphia Eagles,12,10,2023
30-6,30,6,15,New York Jets,Houston Texans,12,10,2023
29-25,29,25,4,Tampa Bay Buccaneers,Atlanta Falcons,12,10,2023
24-10,24,10,137,Arizona Cardinals,Pittsburgh Steelers,12,3,2023
31-28,31,28,90,Indianapolis Colts,Tennessee Titans,12,3,2023
Jun-00,6,0,80,Los Angeles Chargers,New England Patriots,12,3,2023
33-28,33,28,10,Detroit Lions,New Orleans Saints,12,3,2023
13-8,13,8,2,Atlanta Falcons,New York Jets,12,3,2023
36-19,36,19,2,Los Angeles Rams,Cleveland Browns,12,3,2023
45-15,45,15,1,Miami Dolphins,Washington Commanders,12,3,2023
41-35,41,35,8,Dallas Cowboys,Seattle Seahawks,11,30,2023
10-Dec,12,10,21,Chicago Bears,Minnesota Vikings,11,27,2023
7-Oct,10,7,86,New York Giants,New England Patriots,11,26,2023
37-14,37,14,35,Los Angeles Rams,Arizona Cardinals,11,26,2023
24-15,24,15,9,Atlanta Falcons,New Orleans Saints,11,26,2023
29-12,29,12,1,Denver Broncos,Cleveland Browns,11,26,2023
45-10,45,10,20,Dallas Cowboys,Washington Commanders,11,23,2023
29-22,29,22,8,Green Bay Packers,Detroit Lions,11,23,2023
21-17,21,17,106,Philadelphia Eagles,Kansas City Chiefs,11,20,2023
32-6,32,6,7,Buffalo Bills,New York Jets,11,19,2023
20-6,20,6,56,Tampa Bay Buccaneers,Tennessee Titans,11,12,2023
34-3,34,3,32,San Francisco 49ers,Jacksonville Jaguars,11,12,2023
16-12,16,12,14,Las Vegas Raiders,New York Jets,11,12,2023
33-31,33,31,14,Cleveland Browns,Baltimore Ravens,11,12,2023
29-26,29,26,11,Seattle Seahawks,Washington Commanders,11,12,2023
25-23,25,23,10,Arizona Cardinals,Atlanta Falcons,11,12,2023
49-17,49,17,8,Dallas Cowboys,New York Giants,11,12,2023
16-13,16,13,145,Chicago Bears,Carolina Panthers,11,9,2023
27-6,27,6,36,Los Angeles Chargers,New York Jets,11,6,2023
27-0,27,0,66,Cleveland Browns,Arizona Cardinals,11,5,2023
37-3,37,3,13,Baltimore Ravens,Seattle Seahawks,11,5,2023
39-37,39,37,1,Houston Texans,Tampa Bay Buccaneers,11,5,2023
26-14,26,14,41,Detroit Lions,Las Vegas Raiders,10,30,2023
31-24,31,24,91,Baltimore Ravens,Arizona Cardinals,10,29,2023
38-31,38,31,38,Philadelphia Eagles,Washington Commanders,10,29,2023
24-9,24,9,25,Denver Broncos,Kansas City Chiefs,10,29,2023
15-13,15,13,18,Carolina Panthers,Houston Texans,10,29,2023
38-27,38,27,15,New Orleans Saints,Indianapolis Colts,10,29,2023
43-20,43,20,1,Dallas Cowboys,Los Angeles Rams,10,29,2023
14-7,14,7,90,New York Giants,Washington Commanders,10,22,2023
39-38,39,38,4,Cleveland Browns,Indianapolis Colts,10,22,2023
24-16,24,16,54,Baltimore Ravens,Tennessee Titans,10,15,2023
26-9,26,9,11,Los Angeles Rams,Arizona Cardinals,10,15,2023
19-8,19,8,2,Kansas City Chiefs,Denver Broncos,10,12,2023
21-19,21,19,29,Atlanta Falcons,Houston Texans,10,8,2023
31-16,31,16,23,Miami Dolphins,New York Giants,10,8,2023
25-20,25,20,20,Jacksonville Jaguars,Buffalo Bills,10,8,2023
42-10,42,10,19,San Francisco 49ers,Dallas Cowboys,10,8,2023
42-24,42,24,13,Detroit Lions,Carolina Panthers,10,8,2023
40-20,40,20,5,Chicago Bears,Washington Commanders,10,5,2023
27-3,27,3,47,Tennessee Titans,Cincinnati Bengals,10,1,2023
38-3,38,3,21,Dallas Cowboys,New England Patriots,10,1,2023
29-23,29,23,14,Los Angeles Rams,Indianapolis Colts,10,1,2023
48-20,48,20,6,Buffalo Bills,Miami Dolphins,10,1,2023
25-11,25,11,1,Philadelphia Eagles,Tampa Bay Buccaneers,9,25,2023
28-24,28,24,77,Los Angeles Chargers,Minnesota Vikings,9,24,2023
22-19,22,19,19,Indianapolis Colts,Baltimore Ravens,9,24,2023
18-17,18,17,15,Green Bay Packers,New Orleans Saints,9,24,2023
23-18,23,18,6,Pittsburgh Steelers,Las Vegas Raiders,9,24,2023
70-20,70,20,1,Miami Dolphins,Denver Broncos,9,24,2023
26-22,26,22,7,Pittsburgh Steelers,Cleveland Browns,9,18,2023
31-20,31,20,46,Indianapolis Colts,Houston Texans,9,17,2023
35-33,35,33,6,Washington Commanders,Denver Broncos,9,17,2023
40-0,40,0,5,Dallas Cowboys,New York Giants,9,10,2023
36-34,36,34,3,Miami Dolphins,Los Angeles Chargers,9,10,2023
25-9,25,9,1,Baltimore Ravens,Houston Texans,9,10,2023
38-35,38,35,25,Kansas City Chiefs,Philadelphia Eagles,2,12,2023
19-12,19,12,10,San Francisco 49ers,Dallas Cowboys,1,22,2023
38-7,38,7,46,Philadelphia Eagles,New York Giants,1,21,2023
31-30,31,30,24,Jacksonville Jaguars,Los Angeles Chargers,1,14,2023
41-23,41,23,7,San Francisco 49ers,Seattle Seahawks,1,14,2023
26-6,26,6,16,Washington Commanders,Dallas Cowboys,1,8,2023
35-23,35,23,14,Buffalo Bills,New England Patriots,1,8,2023
29-13,29,13,11,Minnesota Vikings,Chicago Bears,1,8,2023
32-31,32,31,9,Houston Texans,Indianapolis Colts,1,8,2023
6-Nov,11,6,2,Miami Dolphins,New York Jets,1,8,2023
23-21,23,21,57,New England Patriots,Miami Dolphins,1,1,2023
31-3,31,3,41,Jacksonville Jaguars,Houston Texans,1,1,2023
23-6,23,6,21,Seattle Seahawks,New York Jets,1,1,2023
51-14,51,14,6,Los Angeles Rams,Denver Broncos,12,25,2022
35-13,35,13,22,Buffalo Bills,Chicago Bears,12,24,2022
37-23,37,23,5,Carolina Panthers,Detroit Lions,12,24,2022
22-18,22,18,1,Cincinnati Bengals,New England Patriots,12,24,2022
24-12,24,12,13,Green Bay Packers,Los Angeles Rams,12,19,2022
17-14,17,14,200,Los Angeles Chargers,Tennessee Titans,12,18,2022
34-23,34,23,18,Cincinnati Bengals,Tampa Bay Buccaneers,12,18,2022
13-3,13,3,50,Cleveland Browns,Baltimore Ravens,12,17,2022
39-36,39,36,3,Minnesota Vikings,Indianapolis Colts,12,17,2022
23-10,23,10,66,Cincinnati Bengals,Cleveland Browns,12,11,2022
27-23,27,23,52,Dallas Cowboys,Houston Texans,12,11,2022
35-7,35,7,49,San Francisco 49ers,Tampa Bay Buccaneers,12,11,2022
48-22,48,22,4,Philadelphia Eagles,New York Giants,12,11,2022
20-20,20,20,22,Washington Commanders,New York Giants,12,4,2022
28-19,28,19,12,Green Bay Packers,Chicago Bears,12,4,2022
54-19,54,19,1,Dallas Cowboys,Indianapolis Colts,12,4,2022
13-0,13,0,65,San Francisco 49ers,New Orleans Saints,11,27,2022
30-15,30,15,7,Miami Dolphins,Houston Texans,11,27,2022
40-33,40,33,4,Philadelphia Eagles,Green Bay Packers,11,27,2022
3-Oct,10,3,46,New England Patriots,New York Jets,11,20,2022
37-30,37,30,8,Cincinnati Bengals,Pittsburgh Steelers,11,20,2022
31-18,31,18,5,Detroit Lions,New York Giants,11,20,2022
40-3,40,3,5,Dallas Cowboys,Minnesota Vikings,11,20,2022
32-21,32,21,7,Washington Commanders,Philadelphia Eagles,11,14,2022
39-17,39,17,4,Miami Dolphins,Cleveland Browns,11,13,2022
25-15,25,15,4,Carolina Panthers,Atlanta Falcons,11,10,2022
35-32,35,32,11,Miami Dolphins,Chicago Bears,11,6,2022
24-0,24,0,63,New Orleans Saints,Las Vegas Raiders,10,30,2022
49-29,49,29,2,Dallas Cowboys,Chicago Bears,10,30,2022
33-14,33,14,32,Chicago Bears,New England Patriots,10,24,2022
35-17,35,17,46,Cincinnati Bengals,Atlanta Falcons,10,23,2022
19-10,19,10,27,Tennessee Titans,Indianapolis Colts,10,23,2022
21-3,21,3,23,Carolina Panthers,Tampa Bay Buccaneers,10,23,2022
44-23,44,23,4,Kansas City Chiefs,San Francisco 49ers,10,23,2022
42-34,42,34,7,Arizona Cardinals,New Orleans Saints,10,20,2022
26-17,26,17,34,Philadelphia Eagles,Dallas Cowboys,10,16,2022
30-26,30,26,11,Cincinnati Bengals,New Orleans Saints,10,16,2022
20-18,20,18,8,Pittsburgh Steelers,Tampa Bay Buccaneers,10,16,2022
38-15,38,15,6,New England Patriots,Cleveland Browns,10,16,2022
30-29,30,29,7,Kansas City Chiefs,Las Vegas Raiders,10,10,2022
29-0,29,0,5,New England Patriots,Detroit Lions,10,9,2022
39-32,39,32,4,New Orleans Saints,Seattle Seahawks,10,9,2022
9-Dec,12,9,19,Indianapolis Colts,Denver Broncos,10,6,2022
26-16,26,16,25,Arizona Cardinals,Carolina Panthers,10,2,2022
29-21,29,21,19,Philadelphia Eagles,Jacksonville Jaguars,10,2,2022
32-23,32,23,3,Las Vegas Raiders,Denver Broncos,10,2,2022
48-45,48,45,1,Seattle Seahawks,Detroit Lions,10,2,2022
27-15,27,15,6,Cincinnati Bengals,Miami Dolphins,9,29,2022
14-12,14,12,19,Green Bay Packers,Tampa Bay Buccaneers,9,25,2022
22-14,22,14,17,Carolina Panthers,New Orleans Saints,9,25,2022
27-12,27,12,8,Cincinnati Bengals,New York Jets,9,25,2022
37-26,37,26,6,Baltimore Ravens,New England Patriots,9,25,2022
10-Nov,11,10,2,Denver Broncos,San Francisco 49ers,9,25,2022
24-8,24,8,2,Philadelphia Eagles,Washington Commanders,9,25,2022
27-7,27,7,95,San Francisco 49ers,Seattle Seahawks,9,18,2022
36-27,36,27,3,Detroit Lions,Washington Commanders,9,18,2022
42-38,42,38,2,Miami Dolphins,Baltimore Ravens,9,18,2022
20-7,20,7,92,Miami Dolphins,New England Patriots,9,11,2022
27-26,27,26,22,New Orleans Saints,Atlanta Falcons,9,11,2022
44-21,44,21,9,Kansas City Chiefs,Arizona Cardinals,9,11,2022
42-36,42,36,3,Kansas City Chiefs,Buffalo Bills,1,23,2022
31-15,31,15,11,Tampa Bay Buccaneers,Philadelphia Eagles,1,16,2022
47-17,47,17,7,Buffalo Bills,New England Patriots,1,15,2022
26-19,26,19,5,Cincinnati Bengals,Las Vegas Raiders,1,15,2022
33-24,33,24,16,Miami Dolphins,New England Patriots,1,9,2022
22-7,22,7,13,Washington Football Team,New York Giants,1,9,2022
26-11,26,11,4,Jacksonville Jaguars,Indianapolis Colts,1,9,2022
51-26,51,26,1,Dallas Cowboys,Philadelphia Eagles,1,8,2022
37-10,37,10,25,Green Bay Packers,Minnesota Vikings,1,2,2022
29-3,29,3,7,Chicago Bears,New York Giants,1,2,2022
29-15,29,15,4,Buffalo Bills,Atlanta Falcons,1,2,2022
50-10,50,10,2,New England Patriots,Jacksonville Jaguars,1,2,2022
51-29,51,29,2,Seattle Seahawks,Detroit Lions,1,2,2022
33-21,33,21,15,Buffalo Bills,New England Patriots,12,26,2021
56-14,56,14,4,Dallas Cowboys,Washington Football Team,12,26,2021
41-29,41,29,2,Houston Texans,Los Angeles Chargers,12,26,2021
30-16,30,16,20,Houston Texans,Jacksonville Jaguars,12,19,2021
20-0,20,0,71,Tennessee Titans,Jacksonville Jaguars,12,12,2021
37-21,37,21,29,Los Angeles Chargers,New York Giants,12,12,2021
30-9,30,9,10,New Orleans Saints,New York Jets,12,12,2021
45-30,45,30,2,Green Bay Packers,Chicago Bears,12,12,2021
48-9,48,9,1,Kansas City Chiefs,Las Vegas Raiders,12,12,2021
36-28,36,28,12,Minnesota Vikings,Pittsburgh Steelers,12,9,2021
14-10,14,10,88,New England Patriots,Buffalo Bills,12,6,2021
31-0,31,0,46,Indianapolis Colts,Houston Texans,12,5,2021
37-7,37,7,31,Los Angeles Rams,Jacksonville Jaguars,12,5,2021
33-18,33,18,7,Philadelphia Eagles,New York Jets,12,5,2021
33-22,33,22,7,Arizona Cardinals,Chicago Bears,12,5,2021
41-22,41,22,3,Los Angeles Chargers,Cincinnati Bengals,12,5,2021
13-7,13,7,78,New York Giants,Philadelphia Eagles,11,28,2021
36-13,36,13,4,New England Patriots,Tennessee Titans,11,28,2021
22-13,22,13,16,Houston Texans,Tennessee Titans,11,21,2021
41-37,41,37,3,Los Angeles Chargers,Pittsburgh Steelers,11,21,2021
40-29,40,29,2,Philadelphia Eagles,New Orleans Saints,11,21,2021
41-15,41,15,1,Indianapolis Colts,Buffalo Bills,11,21,2021
25-0,25,0,11,New England Patriots,Atlanta Falcons,11,18,2021
17-0,17,0,58,Green Bay Packers,Seattle Seahawks,11,14,2021
41-14,41,14,35,Kansas City Chiefs,Las Vegas Raiders,11,14,2021
45-17,45,17,25,Buffalo Bills,New York Jets,11,14,2021
45-7,45,7,25,New England Patriots,Cleveland Browns,11,14,2021
16-16,16,16,4,Detroit Lions,Pittsburgh Steelers,11,14,2021
43-3,43,3,2,Dallas Cowboys,Atlanta Falcons,11,14,2021
6-Sep,9,6,31,Jacksonville Jaguars,Buffalo Bills,11,7,2021
41-16,41,16,9,Cleveland Browns,Cincinnati Bengals,11,7,2021
44-6,44,6,8,Philadelphia Eagles,Detroit Lions,10,31,2021
38-22,38,22,3,Los Angeles Rams,Houston Texans,10,31,2021
25-3,25,3,4,New York Giants,Carolina Panthers,10,24,2021
54-13,54,13,2,New England Patriots,New York Jets,10,24,2021
31-5,31,5,1,Arizona Cardinals,Houston Texans,10,24,2021
35-29,35,29,2,Dallas Cowboys,New England Patriots,10,17,2021
38-11,38,11,1,Los Angeles Rams,New York Giants,10,17,2021
44-20,44,20,5,Dallas Cowboys,New York Giants,10,10,2021
37-19,37,19,4,Tennessee Titans,Jacksonville Jaguars,10,10,2021
47-42,47,42,2,Los Angeles Chargers,Cleveland Browns,10,10,2021
28-21,28,21,76,Seattle Seahawks,San Francisco 49ers,10,3,2021
34-30,34,30,12,Washington Football Team,Atlanta Falcons,10,3,2021
42-30,42,30,3,Kansas City Chiefs,Philadelphia Eagles,10,3,2021
25-16,25,16,6,Tennessee Titans,Indianapolis Colts,9,26,2021
43-21,43,21,3,Buffalo Bills,Washington Football Team,9,26,2021
35-0,35,0,24,Buffalo Bills,Miami Dolphins,9,19,2021
34-33,34,33,14,Arizona Cardinals,Minnesota Vikings,9,19,2021
25-6,25,6,5,New England Patriots,New York Jets,9,19,2021
36-35,36,35,5,Baltimore Ravens,Kansas City Chiefs,9,19,2021
17-11,17,11,2,San Francisco 49ers,Philadelphia Eagles,9,19,2021
48-25,48,25,2,Tampa Bay Buccaneers,Atlanta Falcons,9,19,2021
41-33,41,33,5,San Francisco 49ers,Detroit Lions,9,12,2021
33-29,33,29,2,Kansas City Chiefs,Cleveland Browns,9,12,2021
38-24,38,24,49,Kansas City Chiefs,Buffalo Bills,1,24,2021
32-18,32,18,3,Green Bay Packers,Los Angeles Rams,1,16,2021
21-9,21,9,16,New Orleans Saints,Chicago Bears,1,10,2021
48-37,48,37,1,Cleveland Browns,Pittsburgh Steelers,1,10,2021
38-21,38,21,39,Los Angeles Chargers,Kansas City Chiefs,1,3,2021
33-7,33,7,22,New Orleans Saints,Carolina Panthers,1,3,2021
37-35,37,35,11,Minnesota Vikings,Detroit Lions,1,3,2021
18-7,18,7,8,Los Angeles Rams,Arizona Cardinals,1,3,2021
44-27,44,27,5,Tampa Bay Buccaneers,Atlanta Falcons,1,3,2021
56-26,56,26,1,Buffalo Bills,Miami Dolphins,1,3,2021
38-9,38,9,9,Buffalo Bills,New England Patriots,12,28,2020
47-7,47,7,6,Tampa Bay Buccaneers,Detroit Lions,12,26,2020
52-33,52,33,1,New Orleans Saints,Minnesota Vikings,12,25,2020
22-12,22,12,2,Miami Dolphins,New England Patriots,12,20,2020
46-25,46,25,1,Tennessee Titans,Detroit Lions,12,20,2020
48-19,48,19,3,Buffalo Bills,Denver Broncos,12,19,2020
36-7,36,7,9,Chicago Bears,Houston Texans,12,13,2020
26-15,26,15,8,Buffalo Bills,Pittsburgh Steelers,12,13,2020
19-7,19,7,39,Miami Dolphins,Cincinnati Bengals,12,6,2020
38-28,38,28,33,Los Angeles Rams,Arizona Cardinals,12,6,2020
17-12,17,12,26,New York Giants,Seattle Seahawks,12,6,2020
45-0,45,0,11,New England Patriots,Los Angeles Chargers,12,6,2020
41-25,41,25,3,Green Bay Packers,Chicago Bears,11,29,2020
43-6,43,6,2,Atlanta Falcons,Las Vegas Raiders,11,29,2020
45-26,45,26,2,Tennessee Titans,Indianapolis Colts,11,29,2020
32-30,32,30,3,Arizona Cardinals,Buffalo Bills,11,15,2020
37-12,37,12,2,Las Vegas Raiders,Denver Broncos,11,15,2020
46-23,46,23,1,Tampa Bay Buccaneers,Carolina Panthers,11,15,2020
44-34,44,34,4,Buffalo Bills,Seattle Seahawks,11,8,2020
28-17,28,17,65,Miami Dolphins,Los Angeles Rams,11,1,2020
23-9,23,9,11,Philadelphia Eagles,Dallas Cowboys,11,1,2020
35-9,35,9,10,Kansas City Chiefs,New York Jets,11,1,2020
35-20,35,20,20,Green Bay Packers,Houston Texans,10,25,2020
33-6,33,6,12,San Francisco 49ers,New England Patriots,10,25,2020
45-20,45,20,4,Tampa Bay Buccaneers,Las Vegas Raiders,10,25,2020
43-16,43,16,2,Kansas City Chiefs,Denver Broncos,10,25,2020
39-29,39,29,1,Los Angeles Chargers,Jacksonville Jaguars,10,25,2020
34-16,34,16,19,Detroit Lions,Jacksonville Jaguars,10,18,2020
18-12,18,12,5,Denver Broncos,New England Patriots,10,18,2020
40-23,40,23,3,Atlanta Falcons,Minnesota Vikings,10,18,2020
42-16,42,16,1,Tennessee Titans,Buffalo Bills,10,13,2020
43-17,43,17,5,Miami Dolphins,San Francisco 49ers,10,11,2020
40-32,40,32,4,Las Vegas Raiders,Kansas City Chiefs,10,11,2020
38-29,38,29,2,Pittsburgh Steelers,Philadelphia Eagles,10,11,2020
19-11,19,11,5,Indianapolis Colts,Chicago Bears,10,4,2020
49-38,49,38,2,Cleveland Browns,Dallas Cowboys,10,4,2020
37-28,37,28,8,Denver Broncos,New York Jets,10,1,2020
28-10,28,10,54,Tampa Bay Buccaneers,Denver Broncos,9,27,2020
36-20,36,20,11,New England Patriots,Las Vegas Raiders,9,27,2020
23-23,23,23,5,Cincinnati Bengals,Philadelphia Eagles,9,27,2020
36-9,36,9,1,San Francisco 49ers,New York Giants,9,27,2020
35-30,35,30,11,Seattle Seahawks,New England Patriots,9,20,2020
28-11,28,11,3,Indianapolis Colts,Minnesota Vikings,9,20,2020
40-39,40,39,2,Dallas Cowboys,Atlanta Falcons,9,20,2020
21-11,21,11,4,New England Patriots,Miami Dolphins,9,13,2020
38-25,38,25,3,Seattle Seahawks,Atlanta Falcons,9,13,2020
43-34,43,34,1,Green Bay Packers,Minnesota Vikings,9,13,2020
35-24,35,24,26,Kansas City Chiefs,Tennessee Titans,1,19,2020
51-31,51,31,1,Kansas City Chiefs,Houston Texans,1,12,2020
28-12,28,12,8,Tennessee Titans,Baltimore Ravens,1,11,2020
33-23,33,23,3,Cincinnati Bengals,Cleveland Browns,12,29,2019
47-16,47,16,2,Dallas Cowboys,Washington Redskins,12,29,2019
38-17,38,17,45,Tampa Bay Buccaneers,Detroit Lions,12,15,2019
23-3,23,3,37,Kansas City Chiefs,Denver Broncos,12,15,2019
39-10,39,10,5,Minnesota Vikings,Los Angeles Chargers,12,15,2019
48-46,48,46,1,San Francisco 49ers,New Orleans Saints,12,8,2019
40-9,40,9,2,Kansas City Chiefs,Oakland Raiders,12,1,2019
45-6,45,6,5,Baltimore Ravens,Los Angeles Rams,11,25,2019
42-20,42,20,18,Tennessee Titans,Jacksonville Jaguars,11,24,2019
35-22,35,22,4,Tampa Bay Buccaneers,Atlanta Falcons,11,24,2019
37-8,37,8,3,San Francisco 49ers,Green Bay Packers,11,24,2019
35-27,35,27,19,Dallas Cowboys,Detroit Lions,11,17,2019
36-26,36,26,2,San Francisco 49ers,Arizona Cardinals,11,17,2019
49-13,49,13,4,Baltimore Ravens,Cincinnati Bengals,11,10,2019
37-18,37,18,2,Dallas Cowboys,New York Giants,11,4,2019
51-13,51,13,1,San Francisco 49ers,Carolina Panthers,10,27,2019
33-0,33,0,8,New England Patriots,New York Jets,10,21,2019
36-25,36,25,2,New Orleans Saints,Chicago Bears,10,20,2019
16-0,16,0,48,Denver Broncos,Tennessee Titans,10,13,2019
32-28,32,28,7,Seattle Seahawks,Cleveland Browns,10,13,2019
53-32,53,32,1,Houston Texans,Atlanta Falcons,10,6,2019
40-25,40,25,1,Cleveland Browns,Baltimore Ravens,9,29,2019
55-40,55,40,1,Tampa Bay Buccaneers,Los Angeles Rams,9,29,2019
28-26,28,26,12,Seattle Seahawks,Pittsburgh Steelers,9,15,2019
43-0,43,0,6,New England Patriots,Miami Dolphins,9,15,2019
33-3,33,3,12,New England Patriots,Pittsburgh Steelers,9,8,2019
27-27,27,27,6,Arizona Cardinals,Detroit Lions,9,8,2019
43-13,43,13,4,Tennessee Titans,Cleveland Browns,9,8,2019
40-26,40,26,2,Kansas City Chiefs,Jacksonville Jaguars,9,8,2019
59-10,59,10,1,Baltimore Ravens,Miami Dolphins,9,8,2019
41-28,41,28,13,New England Patriots,Los Angeles Chargers,1,13,2019
35-3,35,3,19,Kansas City Chiefs,Oakland Raiders,12,30,2018
14-13,14,13,58,Buffalo Bills,Detroit Lions,12,16,2018
23-0,23,0,43,Indianapolis Colts,Dallas Cowboys,12,16,2018
15-6,15,6,4,Chicago Bears,Los Angeles Rams,12,9,2018
40-16,40,16,4,New York Giants,Washington Redskins,12,9,2018
54-51,54,51,1,Los Angeles Rams,Kansas City Chiefs,11,19,2018
48-7,48,7,10,New Orleans Saints,Philadelphia Eagles,11,18,2018
16-3,16,3,27,Washington Redskins,Tampa Bay Buccaneers,11,11,2018
36-31,36,31,4,Los Angeles Rams,Seattle Seahawks,11,11,2018
34-22,34,22,3,Chicago Bears,Detroit Lions,11,11,2018
38-14,38,14,57,Atlanta Falcons,Washington Redskins,11,4,2018
42-28,42,28,15,Carolina Panthers,Tampa Bay Buccaneers,11,4,2018
45-35,45,35,8,New Orleans Saints,Los Angeles Rams,11,4,2018
41-9,41,9,7,Chicago Bears,Buffalo Bills,11,4,2018
36-21,36,21,5,Carolina Panthers,Baltimore Ravens,10,28,2018
42-23,42,23,5,Houston Texans,Miami Dolphins,10,25,2018
37-5,37,5,1,Indianapolis Colts,Buffalo Bills,10,21,2018
21-0,21,0,68,Baltimore Ravens,Tennessee Titans,10,14,2018
43-40,43,40,1,New England Patriots,Kansas City Chiefs,10,14,2018
43-19,43,19,1,New Orleans Saints,Washington Redskins,10,8,2018
22-0,22,0,14,Green Bay Packers,Buffalo Bills,9,30,2018
45-42,45,42,4,Oakland Raiders,Cleveland Browns,9,30,2018
37-36,37,36,3,Cincinnati Bengals,Atlanta Falcons,9,30,2018
24-13,24,13,70,Seattle Seahawks,Dallas Cowboys,9,23,2018
43-37,43,37,4,New Orleans Saints,Atlanta Falcons,9,23,2018
42-37,42,37,3,Kansas City Chiefs,Pittsburgh Steelers,9,16,2018
29-29,29,29,1,Green Bay Packers,Minnesota Vikings,9,16,2018
21-21,21,21,15,Cleveland Browns,Pittsburgh Steelers,9,9,2018
16-8,16,8,2,Carolina Panthers,Dallas Cowboys,9,9,2018
47-3,47,3,2,Baltimore Ravens,Buffalo Bills,9,9,2018
48-40,48,40,1,Tampa Bay Buccaneers,New Orleans Saints,9,9,2018
35-11,35,11,2,Detroit Lions,Green Bay Packers,12,31,2017
37-16,37,16,11,New England Patriots,Buffalo Bills,12,24,2017
21-12,21,12,8,Seattle Seahawks,Dallas Cowboys,12,24,2017
27-11,27,11,7,Washington Redskins,Denver Broncos,12,24,2017
44-33,44,33,1,San Francisco 49ers,Jacksonville Jaguars,12,24,2017
42-7,42,7,29,Los Angeles Rams,Seattle Seahawks,12,17,2017
25-13,25,13,6,Denver Broncos,Indianapolis Colts,12,14,2017
43-35,43,35,3,Philadelphia Eagles,Los Angeles Rams,12,10,2017
15-14,15,14,9,San Francisco 49ers,Chicago Bears,12,3,2017
37-9,37,9,3,Philadelphia Eagles,Dallas Cowboys,11,19,2017
54-24,54,24,1,Los Angeles Chargers,Buffalo Bills,11,19,2017
45-21,45,21,26,Carolina Panthers,Miami Dolphins,11,13,2017
51-23,51,23,3,Philadelphia Eagles,Denver Broncos,11,5,2017
51-17,51,17,3,Los Angeles Rams,New York Giants,11,5,2017
34-21,34,21,43,New York Jets,Buffalo Bills,11,2,2017
29-14,29,14,18,Pittsburgh Steelers,Cincinnati Bengals,10,22,2017
40-10,40,10,7,Dallas Cowboys,San Francisco 49ers,10,22,2017
52-38,52,38,1,New Orleans Saints,Detroit Lions,10,15,2017
57-14,57,14,1,Houston Texans,Tennessee Titans,10,1,2017
46-18,46,18,1,Seattle Seahawks,Indianapolis Colts,10,1,2017
44-7,44,7,20,Jacksonville Jaguars,Baltimore Ravens,9,24,2017
41-39,41,39,1,Los Angeles Rams,San Francisco 49ers,9,21,2017
29-7,29,7,19,Tampa Bay Buccaneers,Chicago Bears,9,17,2017
3-Sep,9,3,17,Carolina Panthers,Buffalo Bills,9,17,2017
46-9,46,9,1,Los Angeles Rams,Indianapolis Colts,9,10,2017
42-27,42,27,8,Kansas City Chiefs,New England Patriots,9,7,2017
36-17,36,17,5,New England Patriots,Pittsburgh Steelers,1,22,2017
38-32,38,32,3,Atlanta Falcons,New Orleans Saints,1,1,2017
41-3,41,3,11,New England Patriots,New York Jets,12,24,2016
17-6,17,6,64,New York Giants,Detroit Lions,12,18,2016
41-13,41,13,14,Atlanta Falcons,San Francisco 49ers,12,18,2016
48-41,48,41,2,New Orleans Saints,Arizona Cardinals,12,18,2016
16-11,16,11,2,Tampa Bay Buccaneers,New Orleans Saints,12,11,2016
32-14,32,14,9,Cincinnati Bengals,Philadelphia Eagles,12,4,2016
49-21,49,21,12,New Orleans Saints,Los Angeles Rams,11,27,2016
38-19,38,19,5,Atlanta Falcons,Arizona Cardinals,11,27,2016
14-5,14,5,2,Tampa Bay Buccaneers,Seattle Seahawks,11,27,2016
28-7,28,7,82,Pittsburgh Steelers,Indianapolis Colts,11,24,2016
47-25,47,25,2,Tennessee Titans,Green Bay Packers,11,13,2016
43-28,43,28,3,Atlanta Falcons,Tampa Bay Buccaneers,11,3,2016
33-32,33,32,2,Atlanta Falcons,Green Bay Packers,10,30,2016
21-10,21,10,64,Philadelphia Eagles,Minnesota Vikings,10,23,2016
6-Jun,6,6,16,Arizona Cardinals,Seattle Seahawks,10,23,2016
45-16,45,16,3,Buffalo Bills,San Francisco 49ers,10,16,2016
30-19,30,19,9,Buffalo Bills,Los Angeles Rams,10,9,2016
43-14,43,14,8,Pittsburgh Steelers,Kansas City Chiefs,10,2,2016
48-33,48,33,1,Atlanta Falcons,Carolina Panthers,10,2,2016
45-32,45,32,1,Atlanta Falcons,New Orleans Saints,9,26,2016
37-32,37,32,2,Los Angeles Rams,Tampa Bay Buccaneers,9,25,2016
35-28,35,28,23,Atlanta Falcons,Oakland Raiders,9,18,2016
46-27,46,27,1,Carolina Panthers,San Francisco 49ers,9,18,2016
28-0,28,0,42,San Francisco 49ers,Los Angeles Rams,9,12,2016
38-16,38,16,7,Pittsburgh Steelers,Washington Redskins,9,12,2016
39-35,39,35,3,Detroit Lions,Indianapolis Colts,9,11,2016
49-15,49,15,1,Carolina Panthers,Arizona Cardinals,1,24,2016
35-18,35,18,2,Green Bay Packers,Washington Redskins,1,10,2016
36-6,36,6,4,Seattle Seahawks,Arizona Cardinals,1,3,2016
32-17,32,17,5,Detroit Lions,San Francisco 49ers,12,27,2015
38-8,38,8,2,Arizona Cardinals,Green Bay Packers,12,27,2015
35-25,35,25,3,Washington Redskins,Buffalo Bills,12,20,2015
33-20,33,20,11,Pittsburgh Steelers,Cincinnati Bengals,12,13,2015
35-6,35,6,7,Seattle Seahawks,Baltimore Ravens,12,13,2015
30-8,30,8,2,New York Jets,Tennessee Titans,12,13,2015
51-16,51,16,1,Jacksonville Jaguars,Indianapolis Colts,12,13,2015
42-39,42,39,1,Tennessee Titans,Jacksonville Jaguars,12,6,2015
25-12,25,12,3,Indianapolis Colts,Tampa Bay Buccaneers,11,29,2015
39-30,39,30,1,Seattle Seahawks,Pittsburgh Steelers,11,29,2015
44-16,44,16,2,Carolina Panthers,Washington Redskins,11,22,2015
37-13,37,13,22,Chicago Bears,St. Louis Rams,11,15,2015
47-14,47,14,4,Washington Redskins,New Orleans Saints,11,15,2015
37-29,37,29,4,Carolina Panthers,Green Bay Packers,11,8,2015
52-49,52,49,2,New Orleans Saints,New York Giants,11,1,2015
44-26,44,26,2,Miami Dolphins,Houston Texans,10,25,2015
25-19,25,19,7,Atlanta Falcons,Washington Redskins,10,11,2015
48-21,48,21,16,Atlanta Falcons,Houston Texans,10,4,2015
39-28,39,28,2,Atlanta Falcons,Dallas Cowboys,9,27,2015
48-23,48,23,4,Arizona Cardinals,Chicago Bears,9,20,2015
37-33,37,33,4,Oakland Raiders,Baltimore Ravens,9,20,2015
43-18,43,18,1,Pittsburgh Steelers,San Francisco 49ers,9,20,2015
37-24,37,24,16,New York Jets,Miami Dolphins,12,28,2014
44-17,44,17,9,Dallas Cowboys,Washington Redskins,12,28,2014
29-16,29,16,4,Denver Broncos,Kansas City Chiefs,11,30,2014
52-0,52,0,3,St. Louis Rams,Oakland Raiders,11,30,2014
49-27,49,27,3,Indianapolis Colts,Washington Redskins,11,30,2014
29-18,29,18,2,Atlanta Falcons,Arizona Cardinals,11,30,2014
43-24,43,24,7,Philadelphia Eagles,Tennessee Titans,11,23,2014
34-9,34,9,7,New England Patriots,Detroit Lions,11,23,2014
14-6,14,6,49,Arizona Cardinals,Detroit Lions,11,16,2014
53-20,53,20,1,Green Bay Packers,Philadelphia Eagles,11,16,2014
55-14,55,14,6,Green Bay Packers,Chicago Bears,11,9,2014
40-24,40,24,7,Indianapolis Colts,New York Giants,11,3,2014
37-0,37,0,17,Miami Dolphins,San Diego Chargers,11,2,2014
43-23,43,23,3,Pittsburgh Steelers,Baltimore Ravens,11,2,2014
51-34,51,34,1,Pittsburgh Steelers,Indianapolis Colts,10,26,2014
35-21,35,21,38,Denver Broncos,San Diego Chargers,10,23,2014
37-22,37,22,5,New England Patriots,Buffalo Bills,10,12,2014
37-37,37,37,1,Carolina Panthers,Cincinnati Bengals,10,12,2014
25-14,25,14,5,Arizona Cardinals,New York Giants,9,14,2014
36-16,36,16,1,Seattle Seahawks,Green Bay Packers,9,4,2014
43-8,43,8,1,Seattle Seahawks,Denver Broncos,2,2,2014
43-22,43,22,1,New England Patriots,Indianapolis Colts,1,11,2014
45-44,45,44,1,Indianapolis Colts,Kansas City Chiefs,1,4,2014
19-0,19,0,35,Buffalo Bills,Miami Dolphins,12,22,2013
54-11,54,11,1,Philadelphia Eagles,Chicago Bears,12,22,2013
48-30,48,30,2,Minnesota Vikings,Philadelphia Eagles,12,15,2013
56-31,56,31,1,Kansas City Chiefs,Oakland Raiders,12,15,2013
45-28,45,28,18,Chicago Bears,Dallas Cowboys,12,9,2013
51-28,51,28,1,Denver Broncos,Tennessee Titans,12,8,2013
40-11,40,11,1,Arizona Cardinals,Indianapolis Colts,11,24,2013
26-26,26,26,1,Green Bay Packers,Minnesota Vikings,11,24,2013
49-20,49,20,2,Philadelphia Eagles,Oakland Raiders,11,3,2013
55-31,55,31,1,New England Patriots,Pittsburgh Steelers,11,3,2013
15-7,15,7,10,New York Giants,Philadelphia Eagles,10,27,2013
44-31,44,31,2,Green Bay Packers,Minnesota Vikings,10,27,2013
49-9,49,9,1,Cincinnati Bengals,New York Jets,10,27,2013
45-41,45,41,3,Washington Redskins,Chicago Bears,10,20,2013
39-33,39,33,1,Indianapolis Colts,Denver Broncos,10,20,2013
19-6,19,6,13,Pittsburgh Steelers,New York Jets,10,13,2013
35-19,35,19,5,Denver Broncos,Jacksonville Jaguars,10,13,2013
51-48,51,48,2,Denver Broncos,Dallas Cowboys,10,6,2013
52-20,52,20,3,Denver Broncos,Philadelphia Eagles,9,29,2013
25-21,25,21,8,Arizona Cardinals,Detroit Lions,9,15,2013
28-2,28,2,1,Kansas City Chiefs,Jacksonville Jaguars,9,8,2013
28-9,28,9,6,Buffalo Bills,New York Jets,12,30,2012
34-12,34,12,6,Denver Broncos,Cleveland Browns,12,23,2012
55-7,55,7,3,Green Bay Packers,Tennessee Titans,12,23,2012
41-0,41,0,20,New Orleans Saints,Tampa Bay Buccaneers,12,16,2012
15-0,15,0,15,Oakland Raiders,Kansas City Chiefs,12,16,2012
41-34,41,34,6,San Francisco 49ers,New England Patriots,12,16,2012
50-17,50,17,3,Seattle Seahawks,Buffalo Bills,12,16,2012
52-27,52,27,1,New York Giants,New Orleans Saints,12,9,2012
58-0,58,0,1,Seattle Seahawks,Arizona Cardinals,12,9,2012
6-Jul,7,6,56,New York Jets,Arizona Cardinals,12,2,2012
49-19,49,19,1,New England Patriots,New York Jets,11,22,2012
32-7,32,7,5,San Francisco 49ers,Chicago Bears,11,19,2012
59-24,59,24,1,New England Patriots,Indianapolis Colts,11,18,2012
24-24,24,24,17,St. Louis Rams,San Francisco 49ers,11,11,2012
38-23,38,23,13,Dallas Cowboys,Philadelphia Eagles,11,11,2012
36-14,36,14,12,Denver Broncos,Carolina Panthers,11,11,2012
55-20,55,20,3,Baltimore Ravens,Oakland Raiders,11,11,2012
42-32,42,32,2,Tampa Bay Buccaneers,Oakland Raiders,11,4,2012
51-20,51,20,1,Chicago Bears,Tennessee Titans,11,4,2012
38-26,38,26,3,Washington Redskins,Minnesota Vikings,10,14,2012
41-27,41,27,12,New York Giants,Cleveland Browns,10,7,2012
45-3,45,3,12,San Francisco 49ers,Buffalo Bills,10,7,2012
37-6,37,6,10,Denver Broncos,Oakland Raiders,9,30,2012
52-28,52,28,2,New England Patriots,Buffalo Bills,9,30,2012
44-41,44,41,4,Tennessee Titans,Detroit Lions,9,23,2012
48-28,48,28,3,New York Jets,Buffalo Bills,9,9,2012
36-32,36,32,1,San Francisco 49ers,New Orleans Saints,1,14,2012
24-2,24,2,3,New York Giants,Atlanta Falcons,1,8,2012
3-Jul,7,3,30,Kansas City Chiefs,Denver Broncos,1,1,2012
45-24,45,24,15,Atlanta Falcons,Tampa Bay Buccaneers,1,1,2012
48-16,48,16,3,Carolina Panthers,Tampa Bay Buccaneers,12,24,2011
45-19,45,19,2,Philadelphia Eagles,New York Jets,12,18,2011
46-16,46,16,1,Green Bay Packers,Oakland Raiders,12,11,2011
14-3,14,3,40,Pittsburgh Steelers,Cleveland Browns,12,8,2011
49-24,49,24,3,New Orleans Saints,New York Giants,11,28,2011
35-26,35,26,5,Green Bay Packers,Tampa Bay Buccaneers,11,20,2011
35-8,35,8,3,Miami Dolphins,Buffalo Bills,11,20,2011
49-35,49,35,2,Detroit Lions,Carolina Panthers,11,20,2011
30-3,30,3,21,Tennessee Titans,Carolina Panthers,11,13,2011
45-38,45,38,5,Green Bay Packers,San Diego Chargers,11,6,2011
62-7,62,7,3,New Orleans Saints,Indianapolis Colts,10,23,2011
48-3,48,3,5,San Francisco 49ers,Tampa Bay Buccaneers,10,9,2011
49-23,49,23,1,Green Bay Packers,Denver Broncos,10,2,2011
32-3,32,3,4,New York Jets,Jacksonville Jaguars,9,18,2011
41-36,41,36,2,Seattle Seahawks,New Orleans Saints,1,8,2011
38-34,38,34,11,Chicago Bears,New York Jets,12,26,2010
39-23,39,23,1,Oakland Raiders,Denver Broncos,12,19,2010
40-21,40,21,9,San Francisco 49ers,Seattle Seahawks,12,12,2010
49-31,49,31,5,Buffalo Bills,Cincinnati Bengals,11,21,2010
59-28,59,28,1,Philadelphia Eagles,Washington Redskins,11,15,2010
39-26,39,26,3,New England Patriots,Pittsburgh Steelers,11,14,2010
36-18,36,18,1,Seattle Seahawks,Arizona Cardinals,11,14,2010
37-25,37,25,2,Detroit Lions,Washington Redskins,10,31,2010
59-14,59,14,3,Oakland Raiders,Denver Broncos,10,24,2010
51-45,51,45,3,Arizona Cardinals,Green Bay Packers,1,10,2010
44-24,44,24,7,Kansas City Chiefs,Denver Broncos,1,3,2010
45-12,45,12,2,New York Giants,Washington Redskins,12,21,2009
16-7,16,7,42,Cincinnati Bengals,Cleveland Browns,11,29,2009
38-37,38,37,3,Detroit Lions,Cleveland Browns,11,22,2009
18-14,18,14,5,Indianapolis Colts,San Francisco 49ers,11,1,2009
42-6,42,6,6,Indianapolis Colts,St. Louis Rams,10,25,2009
46-34,46,34,1,New Orleans Saints,Miami Dolphins,10,25,2009
59-0,59,0,4,New England Patriots,Tennessee Titans,10,18,2009
48-27,48,27,3,New Orleans Saints,New York Giants,10,18,2009
29-6,29,6,5,Houston Texans,Oakland Raiders,10,4,2009
48-24,48,24,3,Chicago Bears,Detroit Lions,10,4,2009
45-27,45,27,6,New Orleans Saints,Detroit Lions,9,13,2009
23-11,23,11,1,Philadelphia Eagles,New York Giants,1,11,2009
14-0,14,0,77,Cincinnati Bengals,Cleveland Browns,12,21,2008
20-8,20,8,3,Dallas Cowboys,New York Giants,12,14,2008
49-26,49,26,3,New England Patriots,Oakland Raiders,12,14,2008
54-31,54,31,1,Buffalo Bills,Kansas City Chiefs,11,23,2008
13-13,13,13,18,Cincinnati Bengals,Philadelphia Eagles,11,16,2008
31-22,31,22,8,Carolina Panthers,Detroit Lions,11,16,2008
56-35,56,35,1,New York Jets,Arizona Cardinals,9,28,2008
48-29,48,29,1,San Diego Chargers,New York Jets,9,22,2008
23-8,23,8,3,Oakland Raiders,Kansas City Chiefs,9,14,2008
49-11,49,11,1,Jacksonville Jaguars,Oakland Raiders,12,23,2007
Aug-00,8,0,5,Cleveland Browns,Buffalo Bills,12,16,2007
40-13,40,13,5,New York Jets,Miami Dolphins,12,2,2007
56-10,56,10,4,New England Patriots,Buffalo Bills,11,18,2007
52-7,52,7,2,New England Patriots,Washington Redskins,10,28,2007
38-36,38,36,6,Tennessee Titans,Houston Texans,10,21,2007
49-28,49,28,3,New England Patriots,Miami Dolphins,10,21,2007
33-15,33,15,1,New York Giants,San Francisco 49ers,10,21,2007
22-3,22,3,8,Baltimore Ravens,St. Louis Rams,10,14,2007
56-21,56,21,2,Philadelphia Eagles,Detroit Lions,9,23,2007
39-14,39,14,3,Chicago Bears,New Orleans Saints,1,21,2007
39-31,39,31,3,Detroit Lions,Dallas Cowboys,12,31,2006
Oct-00,10,0,61,Chicago Bears,New York Jets,11,19,2006
49-41,49,41,1,San Diego Chargers,Cincinnati Bengals,11,12,2006
32-10,32,10,6,Atlanta Falcons,Arizona Cardinals,10,1,2006
44-11,44,11,1,Carolina Panthers,Atlanta Falcons,1,1,2006
18-3,18,3,2,Pittsburgh Steelers,Minnesota Vikings,12,18,2005
42-0,42,0,16,Seattle Seahawks,Philadelphia Eagles,12,5,2005
45-37,45,37,2,Indianapolis Colts,Cincinnati Bengals,11,20,2005
36-0,36,0,7,New York Giants,Washington Redskins,10,30,2005
34-25,34,25,4,Oakland Raiders,Tennessee Titans,10,30,2005
52-17,52,17,3,Washington Redskins,San Francisco 49ers,10,23,2005
52-3,52,3,1,Green Bay Packers,New Orleans Saints,10,9,2005
45-23,45,23,1,San Diego Chargers,New York Giants,9,25,2005
42-3,42,3,6,Philadelphia Eagles,San Francisco 49ers,9,18,2005
24-5,24,5,1,Houston Texans,Chicago Bears,12,19,2004
40-35,40,35,1,Oakland Raiders,Tennessee Titans,12,19,2004
43-39,43,39,1,Dallas Cowboys,Seattle Seahawks,12,6,2004
51-24,51,24,2,Indianapolis Colts,Tennessee Titans,12,5,2004
26-12,26,12,1,Detroit Lions,Arizona Cardinals,12,5,2004
42-15,42,15,1,New England Patriots,Cleveland Browns,12,5,2004
58-48,58,48,1,Cincinnati Bengals,Cleveland Browns,11,28,2004
23-12,23,12,9,St. Louis Rams,Seattle Seahawks,11,14,2004
49-14,49,14,8,Indianapolis Colts,Houston Texans,11,14,2004
Dec-00,12,0,22,New England Patriots,Miami Dolphins,12,7,2003
50-14,50,14,2,San Francisco 49ers,Arizona Cardinals,12,7,2003
22-8,22,8,1,Denver Broncos,Oakland Raiders,11,30,2003
28-15,28,15,4,Pittsburgh Steelers,Arizona Cardinals,11,9,2003
38-5,38,5,1,Kansas City Chiefs,Buffalo Bills,10,26,2003
55-21,55,21,3,Indianapolis Colts,New Orleans Saints,9,28,2003
49-7,49,7,6,San Francisco 49ers,Chicago Bears,9,7,2003
36-15,36,15,1,Atlanta Falcons,Detroit Lions,12,22,2002
52-31,52,31,3,Carolina Panthers,Cincinnati Bengals,12,8,2002
49-10,49,10,1,Kansas City Chiefs,St. Louis Rams,12,8,2002
49-0,49,0,6,Kansas City Chiefs,Arizona Cardinals,12,1,2002
34-34,34,34,2,Atlanta Falcons,Pittsburgh Steelers,11,10,2002
25-7,25,7,8,Minnesota Vikings,Chicago Bears,10,27,2002
43-27,43,27,1,New Orleans Saints,Washington Redskins,10,13,2002
52-25,52,25,1,Oakland Raiders,Tennessee Titans,9,29,2002
45-39,45,39,1,Buffalo Bills,Minnesota Vikings,9,15,2002
41-6,41,6,6,Miami Dolphins,Indianapolis Colts,12,10,2001
39-27,39,27,1,Baltimore Ravens,Indianapolis Colts,12,2,2001
18-0,18,0,3,Cleveland Browns,Cincinnati Bengals,11,25,2001
36-3,36,3,1,Philadelphia Eagles,Dallas Cowboys,11,18,2001
45-13,45,13,5,Kansas City Chiefs,Washington Redskins,9,30,2001
40-18,40,18,1,Philadelphia Eagles,Dallas Cowboys,9,30,2001
42-26,42,26,1,Indianapolis Colts,Buffalo Bills,9,23,2001
52-9,52,9,2,Oakland Raiders,Carolina Panthers,12,24,2000
44-10,44,10,9,Jacksonville Jaguars,Arizona Cardinals,12,10,2000
48-0,48,0,7,Jacksonville Jaguars,Cleveland Browns,12,3,2000
3-Dec,12,3,5,Cincinnati Bengals,Cleveland Browns,10,29,2000
54-34,54,34,1,Kansas City Chiefs,St. Louis Rams,10,22,2000
57-31,57,31,1,St. Louis Rams,San Diego Chargers,10,1,2000
49-37,49,37,2,St. Louis Rams,Minnesota Vikings,1,16,2000
47-36,47,36,1,Tennessee Titans,Pittsburgh Steelers,1,2,2000
31-8,31,8,2,Baltimore Ravens,New Orleans Saints,12,19,1999
44-28,44,28,3,Cincinnati Bengals,Cleveland Browns,12,12,1999
35-12,35,12,4,Atlanta Falcons,New Orleans Saints,12,5,1999
44-30,44,30,2,Cincinnati Bengals,San Francisco 49ers,12,5,1999
43-12,43,12,1,St. Louis Rams,New Orleans Saints,11,28,1999
50-21,50,21,3,Washington Redskins,New York Giants,9,19,1999
19-5,19,5,1,Tampa Bay Buccaneers,Philadelphia Eagles,9,19,1999
46-36,46,36,1,Minnesota Vikings,Dallas Cowboys,11,26,1998
24-11,24,11,1,Jacksonville Jaguars,Cincinnati Bengals,11,8,1998
44-14,44,14,8,Tennessee Oilers,Cincinnati Bengals,10,18,1998
8-Dec,12,8,2,Tennessee Oilers,Baltimore Ravens,10,11,1998
28-8,28,8,2,Kansas City Chiefs,Oakland Raiders,9,6,1998
44-9,44,9,2,Kansas City Chiefs,San Francisco 49ers,11,30,1997
7-Jul,7,7,31,Washington Redskins,New York Giants,11,23,1997
10-Oct,10,10,24,Philadelphia Eagles,Baltimore Ravens,11,16,1997
45-34,45,34,4,Seattle Seahawks,Oakland Raiders,10,26,1997
19-18,19,18,2,Tampa Bay Buccaneers,Arizona Cardinals,9,28,1997
40-15,40,15,1,Dallas Cowboys,Minnesota Vikings,12,28,1996
34-8,34,8,1,Denver Broncos,New England Patriots,11,17,1996
59-16,59,16,1,St. Louis Rams,Atlanta Falcons,11,10,1996
46-38,46,38,1,New England Patriots,Baltimore Ravens,10,6,1996
22-15,22,15,1,Seattle Seahawks,Miami Dolphins,10,6,1996
39-13,39,13,1,Green Bay Packers,Philadelphia Eagles,9,9,1996
30-11,30,11,1,Dallas Cowboys,Philadelphia Eagles,1,7,1996
58-37,58,37,1,Philadelphia Eagles,Detroit Lions,12,30,1995
44-0,44,0,8,Detroit Lions,Jacksonville Jaguars,12,17,1995
42-33,42,33,2,Houston Oilers,Denver Broncos,11,26,1995
47-30,47,30,1,Seattle Seahawks,Jacksonville Jaguars,11,12,1995
7-Nov,11,7,3,New Orleans Saints,San Francisco 49ers,10,29,1995
44-15,44,15,1,San Francisco 49ers,Chicago Bears,1,7,1995
41-19,41,19,4,Detroit Lions,Minnesota Vikings,12,17,1994
42-31,42,31,7,Buffalo Bills,Miami Dolphins,12,4,1994
35-15,35,15,5,San Diego Chargers,Seattle Seahawks,10,30,1994
8-Nov,11,8,1,Cleveland Browns,Houston Oilers,10,13,1994
5-Aug,8,5,1,Atlanta Falcons,Los Angeles Rams,10,2,1994
40-8,40,8,1,Philadelphia Eagles,San Francisco 49ers,10,2,1994
32-0,32,0,10,Cleveland Browns,Arizona Cardinals,9,18,1994
44-3,44,3,1,San Francisco 49ers,New York Giants,1,15,1994
15-3,15,3,4,Cincinnati Bengals,Los Angeles Rams,12,19,1993
47-34,47,34,2,Buffalo Bills,Miami Dolphins,12,19,1993
55-17,55,17,1,San Francisco 49ers,Detroit Lions,12,19,1993
2-Jul,7,2,3,New England Patriots,Cincinnati Bengals,12,12,1993
21-8,21,8,1,San Francisco 49ers,Cincinnati Bengals,12,5,1993
22-5,22,5,2,Seattle Seahawks,Cleveland Browns,11,14,1993
56-17,56,17,5,San Francisco 49ers,Atlanta Falcons,10,18,1992
43-7,43,7,4,Atlanta Falcons,Tampa Bay Buccaneers,11,17,1991
39-34,39,34,1,Atlanta Falcons,San Francisco 49ers,10,13,1991
52-34,52,34,1,Buffalo Bills,Pittsburgh Steelers,9,8,1991
51-3,51,3,2,Buffalo Bills,Los Angeles Raiders,1,20,1991
58-14,58,14,1,Houston Oilers,Cleveland Browns,12,9,1990
40-27,40,27,1,Detroit Lions,Denver Broncos,11,22,1990
32-24,32,24,2,Philadelphia Eagles,Minnesota Vikings,10,15,1990
39-3,39,3,2,San Diego Chargers,New York Jets,10,14,1990
19-15,19,15,4,Washington Redskins,Dallas Cowboys,9,23,1990
47-27,47,27,4,Atlanta Falcons,Houston Oilers,9,9,1990
55-10,55,10,1,San Francisco 49ers,Denver Broncos,1,28,1990
40-28,40,28,3,Green Bay Packers,Chicago Bears,12,17,1989
61-7,61,7,2,Cincinnati Bengals,Houston Oilers,12,17,1989
56-23,56,23,1,Cincinnati Bengals,Tampa Bay Buccaneers,10,29,1989
17-5,17,5,2,Philadelphia Eagles,Phoenix Cardinals,10,15,1989
42-35,42,35,5,Tampa Bay Buccaneers,Chicago Bears,10,8,1989
39-7,39,7,3,Houston Oilers,Miami Dolphins,10,1,1989
47-41,47,41,2,Buffalo Bills,Houston Oilers,9,24,1989
51-0,51,0,3,Cleveland Browns,Pittsburgh Steelers,9,10,1989
18-6,18,6,4,Green Bay Packers,Minnesota Vikings,12,11,1988
5-Oct,10,5,1,Tampa Bay Buccaneers,Buffalo Bills,12,4,1988
39-21,39,21,1,Pittsburgh Steelers,Denver Broncos,10,23,1988
17-17,17,17,21,Kansas City Chiefs,New York Jets,10,2,1988
38-12,38,12,1,Washington Redskins,New York Giants,10,11,1987
47-6,47,6,1,Indianapolis Colts,Buffalo Bills,10,4,1987
39-20,39,20,1,New York Giants,Denver Broncos,1,25,1987
49-3,49,3,2,New York Giants,San Francisco 49ers,1,4,1987
55-24,55,24,3,New York Giants,Green Bay Packers,12,20,1986
44-40,44,40,1,Green Bay Packers,Detroit Lions,11,27,1986
13-11,13,11,2,Detroit Lions,Philadelphia Eagles,11,16,1986
42-41,42,41,2,Kansas City Chiefs,San Diego Chargers,10,19,1986
50-28,50,28,1,San Diego Chargers,Miami Dolphins,9,7,1986
46-10,46,10,2,Chicago Bears,New England Patriots,1,26,1986
46-14,46,14,1,Los Angeles Rams,St. Louis Cardinals,12,15,1985
50-24,50,24,1,Cincinnati Bengals,Dallas Cowboys,12,8,1985
54-44,54,44,1,San Diego Chargers,Pittsburgh Steelers,12,8,1985
62-28,62,28,1,New York Jets,Tampa Bay Buccaneers,11,17,1985
43-10,43,10,1,Green Bay Packers,Detroit Lions,10,6,1985
51-7,51,7,5,San Francisco 49ers,Minnesota Vikings,12,8,1984
52-24,52,24,2,Pittsburgh Steelers,San Diego Chargers,11,25,1984
5-Sep,9,5,2,Indianapolis Colts,New York Jets,11,11,1984
44-37,44,37,1,Los Angeles Raiders,San Diego Chargers,10,21,1984
33-12,33,12,4,Los Angeles Rams,New York Giants,9,30,1984
13-2,13,2,3,Detroit Lions,Minnesota Vikings,12,5,1983
Jul-00,7,0,93,New England Patriots,New Orleans Saints,12,4,1983
40-38,40,38,2,Los Angeles Raiders,Dallas Cowboys,10,23,1983
48-47,48,47,1,Green Bay Packers,Washington Redskins,10,17,1983
Nov-00,11,0,1,Detroit Lions,Tampa Bay Buccaneers,9,4,1983
50-34,50,34,2,San Diego Chargers,Cincinnati Bengals,12,20,1982
52-10,52,10,3,Philadelphia Eagles,St. Louis Cardinals,11,8,1981
28-28,28,28,15,Miami Dolphins,New York Jets,10,4,1981
40-30,40,30,1,St. Louis Cardinals,Washington Redskins,9,20,1981
47-21,47,21,2,New England Patriots,Baltimore Colts,11,23,1980
14-14,14,14,15,Green Bay Packers,Tampa Bay Buccaneers,10,12,1980
48-26,48,26,2,Los Angeles Rams,San Francisco 49ers,10,5,1980
51-21,51,21,3,Los Angeles Rams,Green Bay Packers,9,21,1980
39-24,39,24,1,Miami Dolphins,New England Patriots,11,29,1979
45-22,45,22,1,Oakland Raiders,San Diego Chargers,10,25,1979
50-19,50,19,1,Oakland Raiders,Atlanta Falcons,10,14,1979
8-Oct,10,8,1,Baltimore Colts,New York Jets,10,7,1979
51-35,51,35,1,Pittsburgh Steelers,Cleveland Browns,10,7,1979
46-31,46,31,1,Buffalo Bills,New York Jets,9,23,1979
56-3,56,3,2,New England Patriots,New York Jets,9,9,1979
34-5,34,5,1,Pittsburgh Steelers,Houston Oilers,1,7,1979
May-00,5,0,3,Buffalo Bills,Cincinnati Bengals,10,22,1978
47-0,47,0,4,Houston Oilers,Chicago Bears,11,6,1977
58-20,58,20,2,Baltimore Colts,Buffalo Bills,12,12,1976
49-16,49,16,1,Oakland Raiders,Tampa Bay Buccaneers,11,28,1976
48-13,48,13,3,Denver Broncos,Tampa Bay Buccaneers,11,7,1976
46-3,46,3,1,Denver Broncos,New York Jets,9,19,1976
52-19,52,19,1,Baltimore Colts,New York Jets,11,16,1975
46-13,46,13,1,Miami Dolphins,Chicago Bears,11,2,1975
41-26,41,26,1,Oakland Raiders,New England Patriots,12,1,1974
51-10,51,10,3,Minnesota Vikings,Houston Oilers,10,13,1974
35-35,35,35,5,Denver Broncos,Pittsburgh Steelers,9,22,1974
40-6,40,6,3,Los Angeles Rams,New York Giants,12,10,1973
33-9,33,9,1,Washington Redskins,San Francisco 49ers,11,11,1973
46-6,46,6,1,Atlanta Falcons,Chicago Bears,10,14,1973
3-Nov,11,3,2,Minnesota Vikings,Green Bay Packers,9,30,1973
61-17,61,17,1,Cincinnati Bengals,Houston Oilers,12,17,1972
62-10,62,10,1,New York Giants,Philadelphia Eagles,11,26,1972
37-2,37,2,1,San Francisco 49ers,New Orleans Saints,10,1,1972
49-33,49,33,1,Houston Oilers,San Diego Chargers,12,19,1971
42-40,42,40,1,New York Giants,Green Bay Packers,9,19,1971
2-Jun,6,2,2,Dallas Cowboys,Cleveland Browns,12,12,1970
31-31,31,31,6,Houston Oilers,San Diego Chargers,10,25,1970
56-7,56,7,4,Oakland Raiders,Houston Oilers,12,21,1969
49-6,49,6,2,New York Giants,St. Louis Cardinals,12,7,1969
43-38,43,38,1,New Orleans Saints,San Francisco 49ers,11,23,1969
48-31,48,31,1,Atlanta Falcons,Chicago Bears,11,16,1969
41-30,41,30,1,Los Angeles Rams,San Francisco 49ers,11,9,1969
51-42,51,42,1,New Orleans Saints,St. Louis Cardinals,11,2,1969
42-22,42,22,1,Kansas City Chiefs,Cincinnati Bengals,10,26,1969
47-23,47,23,1,San Diego Chargers,Denver Broncos,12,1,1968
47-13,47,13,3,Cleveland Browns,Philadelphia Eagles,11,24,1968
43-32,43,32,1,Oakland Raiders,New York Jets,11,17,1968
34-2,34,2,1,Kansas City Chiefs,Denver Broncos,9,22,1968
47-31,47,31,1,New York Jets,Boston Patriots,9,22,1968
59-13,59,13,1,Dallas Cowboys,Detroit Lions,9,15,1968
48-6,48,6,1,Oakland Raiders,Buffalo Bills,9,15,1968
46-21,46,21,2,Dallas Cowboys,St. Louis Cardinals,11,23,1967
44-22,44,22,1,Oakland Raiders,Kansas City Chiefs,11,23,1967
42-18,42,18,1,Kansas City Chiefs,New York Jets,11,5,1967
57-33,57,33,1,Pittsburgh Steelers,Atlanta Falcons,12,18,1966
47-28,47,28,1,Pittsburgh Steelers,New York Giants,12,11,1966
49-40,49,40,1,Cleveland Browns,New York Giants,12,4,1966
72-41,72,41,1,Washington Redskins,New York Giants,11,27,1966
30-30,30,30,2,Chicago Bears,San Francisco 49ers,11,13,1966
58-24,58,24,1,Buffalo Bills,Miami Dolphins,9,18,1966
52-13,52,13,1,New York Jets,Houston Oilers,9,18,1966
61-20,61,20,1,Chicago Bears,San Francisco 49ers,12,12,1965
49-39,49,39,1,Kansas City Chiefs,Denver Broncos,11,1,1964
43-43,43,43,1,Boston Patriots,Oakland Raiders,10,16,1964
33-33,33,33,1,Cleveland Browns,St. Louis Cardinals,9,20,1964
46-28,46,28,1,Boston Patriots,Houston Oilers,12,8,1963
53-7,53,7,2,San Diego Chargers,New York Jets,11,2,1963
23-2,23,2,2,Detroit Lions,Los Angeles Rams,9,14,1963
59-7,59,7,1,Kansas City Chiefs,Denver Broncos,9,7,1963
57-0,57,0,3,Chicago Bears,Baltimore Colts,11,25,1962
46-45,46,45,1,New York Titans,Denver Broncos,11,22,1962
14-2,14,2,5,Baltimore Colts,Los Angeles Rams,11,11,1962
49-34,49,34,1,New York Giants,Washington Redskins,10,28,1962
52-35,52,35,2,Chicago Bears,Minnesota Vikings,12,17,1961
43-11,43,11,1,Dallas Texans,Oakland Raiders,11,26,1961
53-0,53,0,2,New York Giants,Washington Redskins,11,5,1961
55-0,55,0,2,Houston Oilers,Oakland Raiders,9,9,1961
48-34,48,34,1,Cleveland Browns,New York Giants,12,18,1960
50-43,50,43,1,Los Angeles Chargers,New York Titans,12,18,1960
38-38,38,38,1,Buffalo Bills,Denver Broncos,11,27,1960
45-25,45,25,1,Houston Oilers,Denver Broncos,11,6,1960
48-35,48,35,1,Los Angeles Rams,Detroit Lions,10,30,1960
56-0,56,0,4,Baltimore Colts,Green Bay Packers,11,2,1958
51-38,51,38,1,Baltimore Colts,Chicago Bears,10,4,1958
27-2,27,2,1,Pittsburgh Steelers,Chicago Cardinals,12,22,1957
58-27,58,27,1,Chicago Bears,Baltimore Colts,10,21,1956
53-14,53,14,1,Chicago Cardinals,Chicago Bears,11,27,1955
62-3,62,3,1,Cleveland Browns,Washington Redskins,11,7,1954
55-27,55,27,1,Pittsburgh Steelers,Cleveland Browns,10,17,1954
62-14,62,14,2,Cleveland Browns,New York Giants,12,6,1953
45-2,45,2,1,Los Angeles Rams,Baltimore Colts,12,5,1953
63-7,63,7,1,Pittsburgh Steelers,New York Giants,11,30,1952
54-14,54,14,1,Los Angeles Rams,New York Yanks,9,28,1951
3-Aug,8,3,1,Cleveland Browns,New York Giants,12,17,1950
65-24,65,24,1,Los Angeles Rams,Detroit Lions,10,29,1950
70-27,70,27,1,Los Angeles Rams,Baltimore Colts,10,22,1950
56-20,56,20,3,Philadelphia Eagles,Los Angeles Rams,10,7,1950
55-13,55,13,1,Chicago Cardinals,Baltimore Colts,10,2,1950
53-27,53,27,1,Los Angeles Rams,Washington Redskins,12,11,1949
65-20,65,20,1,Chicago Cardinals,New York Bulldogs,11,13,1949
35-2,35,2,1,Cleveland Browns,Chicago Hornets,11,6,1949
61-14,61,14,1,Cleveland Browns,Los Angeles Dons,10,14,1949
56-28,56,28,1,San Francisco 49ers,Cleveland Browns,10,9,1949
63-40,63,40,1,San Francisco 49ers,Brooklyn Dodgers,11,21,1948
52-37,52,37,1,Los Angeles Rams,New York Giants,11,14,1948
59-21,59,21,1,Washington Redskins,Boston Yanks,10,31,1948
63-35,63,35,1,Chicago Cardinals,New York Giants,10,17,1948
66-14,66,14,1,Cleveland Browns,Brooklyn Dodgers,12,8,1946
49-25,49,25,1,Philadelphia Eagles,Boston Yanks,10,6,1946
57-21,57,21,1,Green Bay Packers,Detroit Lions,10,7,1945
0-0,0,0,73,Detroit Lions,New York Giants,11,7,1943
54-7,54,7,1,Green Bay Packers,Pittsburgh Steelers,11,23,1941
73-0,73,0,1,Chicago Bears,Washington Redskins,12,8,1940
50-7,50,7,1,Green Bay Packers,Detroit Lions,11,24,1940
5-Jul,7,5,1,Washington Redskins,Detroit Lions,10,16,1938
Feb-00,2,0,5,Chicago Bears,Green Bay Packers,9,18,1938
3-Mar,3,3,13,Chicago Bears,New York Giants,10,31,1937
20-2,20,2,1,Chicago Bears,Cleveland Rams,10,10,1937
39-0,39,0,5,Detroit Lions,Chicago Cardinals,9,28,1936
64-0,64,0,1,Philadelphia Eagles,Cincinnati Reds,11,6,1934
6-Aug,8,6,1,Boston Braves,Chicago Cardinals,11,27,1932
2-Sep,9,2,1,Green Bay Packers,Chicago Cardinals,10,6,1929
19-19,19,19,1,Detroit Wolverines,New York Giants,11,11,1928
12-Dec,12,12,2,Chicago Bears,Green Bay Packers,9,30,1928
54-0,54,0,1,Frankford Yellow Jackets,Buffalo Bisons,10,15,1927
2-Oct,10,2,1,Duluth Eskimos,Canton Bulldogs,11,21,1926
21-2,21,2,1,Providence Steam Roller,Canton Bulldogs,11,11,1926
2-Mar,3,2,2,Chicago Cardinals,Milwaukee Badgers,10,24,1926
3-May,5,3,1,Frankford Yellow Jackets,New York Giants,10,17,1925
53-10,53,10,1,Cleveland Bulldogs,Milwaukee Badgers,11,27,1924
17-8,17,8,1,Milwaukee Badgers,Chicago Cardinals,11,2,1924
4-Oct,10,4,1,Racine Legion,Chicago Cardinals,11,25,1923
60-0,60,0,2,Chicago Cardinals,Rochester Jeffersons,10,7,1923
62-0,62,0,1,Akron Pros,Oorang Indians,10,29,1922
66-0,66,0,1,Rochester Jeffersons,Fort Porter,10,10,1920
