Score,PtsW,PtsL,W_Team,L_Team,Month,Day,Year
20-17,20,17,Philadelphia Eagles,Kansas City Chiefs,9,14,2025
27-24,27,24,Minnesota Vikings,Chicago Bears,9,8,2025
23-20,23,20,Los Angeles Chargers,Denver Broncos,9,21,2025
17-14,17,14,Los Angeles Chargers,Tennessee Titans,12,18,2022
24-17,24,17,New York Jets,Tennessee Titans,9,15,2024
13-10,13,10,Cleveland Browns,Green Bay Packers,9,21,2025
24-21,24,21,Buffalo Bills,New England Patriots,12,22,2024
17-10,17,10,Jacksonville Jaguars,Houston Texans,9,21,2025
16-13,16,13,Chicago Bears,Carolina Panthers,11,9,2023
24-14,24,14,Detroit Lions,Green Bay Packers,11,3,2024
24-10,24,10,Arizona Cardinals,Pittsburgh Steelers,12,3,2023
27-20,27,20,Cincinnati Bengals,Dallas Cowboys,12,9,2024
23-17,23,17,Minnesota Vikings,New York Jets,10,6,2024
20-10,20,10,Pittsburgh Steelers,Los Angeles Chargers,9,22,2024
27-17,27,17,Los Angeles Chargers,Tennessee Titans,11,10,2024
20-13,20,13,Arizona Cardinals,New Orleans Saints,9,7,2025
24-20,24,20,Philadelphia Eagles,Dallas Cowboys,9,4,2025
17-13,17,13,San Francisco 49ers,Seattle Seahawks,9,7,2025
17-7,17,7,Cincinnati Bengals,New York Giants,10,13,2024
21-17,21,17,Philadelphia Eagles,Kansas City Chiefs,11,20,2023
31-17,31,17,Seattle Seahawks,Pittsburgh Steelers,9,14,2025
27-10,27,10,Los Angeles Chargers,Cleveland Browns,11,3,2024
21-14,21,14,Pittsburgh Steelers,New England Patriots,9,21,2025
20-14,20,14,Las Vegas Raiders,Kansas City Chiefs,12,25,2023
27-21,27,21,Los Angeles Chargers,Kansas City Chiefs,9,5,2025
30-27,30,27,Kansas City Chiefs,Carolina Panthers,11,24,2024
27-7,27,7,San Francisco 49ers,Seattle Seahawks,9,18,2022
7-0,7,0,New England Patriots,New Orleans Saints,12,4,1983
31-14,31,14,Chicago Bears,Dallas Cowboys,9,21,2025
20-7,20,7,Miami Dolphins,New England Patriots,9,11,2022
31-24,31,24,Baltimore Ravens,Arizona Cardinals,10,29,2023
14-7,14,7,New York Giants,Washington Commanders,10,22,2023
31-28,31,28,Indianapolis Colts,Tennessee Titans,12,3,2023
14-10,14,10,New England Patriots,Buffalo Bills,12,6,2021
27-14,27,14,Pittsburgh Steelers,Cleveland Browns,12,8,2024
10-7,10,7,New York Giants,New England Patriots,11,26,2023
16-10,16,10,Indianapolis Colts,Miami Dolphins,10,20,2024
21-7,21,7,Kansas City Chiefs,Cleveland Browns,12,15,2024
17-16,17,16,Cincinnati Bengals,Cleveland Browns,9,7,2025
31-21,31,21,Buffalo Bills,Miami Dolphins,9,18,2025
24-7,24,7,Denver Broncos,Los Angeles Chargers,12,10,2023
31-7,31,7,Buffalo Bills,Denver Broncos,1,12,2025
28-7,28,7,Pittsburgh Steelers,Indianapolis Colts,11,24,2016
34-31,34,31,Detroit Lions,Green Bay Packers,12,5,2024
6-0,6,0,Los Angeles Chargers,New England Patriots,12,3,2023
13-7,13,7,New York Giants,Philadelphia Eagles,11,28,2021
14-0,14,0,Cincinnati Bengals,Cleveland Browns,12,21,2008
28-24,28,24,Los Angeles Chargers,Minnesota Vikings,9,24,2023
27-13,27,13,Green Bay Packers,Detroit Lions,9,7,2025
24-23,24,23,Arizona Cardinals,San Francisco 49ers,10,6,2024
28-21,28,21,Seattle Seahawks,San Francisco 49ers,10,3,2021
31-10,31,10,Buffalo Bills,Seattle Seahawks,10,27,2024
21-20,21,20,Los Angeles Rams,San Francisco 49ers,1,7,2024
0-0,0,0,Detroit Lions,New York Giants,11,7,1943
23-7,23,7,Baltimore Ravens,Jacksonville Jaguars,12,17,2023
20-0,20,0,Tennessee Titans,Jacksonville Jaguars,12,12,2021
24-13,24,13,Seattle Seahawks,Dallas Cowboys,9,23,2018
28-14,28,14,Baltimore Ravens,Pittsburgh Steelers,1,11,2025
21-0,21,0,Baltimore Ravens,Tennessee Titans,10,14,2018
34-17,34,17,Detroit Lions,Chicago Bears,12,22,2024
20-16,20,16,Philadelphia Eagles,Cleveland Browns,10,13,2024
27-0,27,0,Cleveland Browns,Arizona Cardinals,11,5,2023
34-7,34,7,Atlanta Falcons,New York Giants,12,22,2024
23-10,23,10,Cincinnati Bengals,Cleveland Browns,12,11,2022
13-0,13,0,San Francisco 49ers,New Orleans Saints,11,27,2022
20-3,20,3,Miami Dolphins,Cleveland Browns,12,29,2024
28-17,28,17,Miami Dolphins,Los Angeles Rams,11,1,2020
16-14,16,14,Kansas City Chiefs,Denver Broncos,11,10,2024
30-24,30,24,Washington Commanders,Atlanta Falcons,12,29,2024
17-3,17,3,New York Jets,New England Patriots,1,7,2024
17-6,17,6,New York Giants,Detroit Lions,12,18,2016
21-10,21,10,Philadelphia Eagles,Minnesota Vikings,10,23,2016
31-13,31,13,Denver Broncos,Indianapolis Colts,12,15,2024
24-3,24,3,Seattle Seahawks,Miami Dolphins,9,22,2024
24-0,24,0,New Orleans Saints,Las Vegas Raiders,10,30,2022
34-24,34,24,Cincinnati Bengals,Carolina Panthers,9,29,2024
10-0,10,0,Chicago Bears,New York Jets,11,19,2006
10-6,10,6,Jacksonville Jaguars,Tennessee Titans,12,8,2024
34-14,34,14,Seattle Seahawks,Atlanta Falcons,10,20,2024
30-10,30,10,Buffalo Bills,New York Jets,9,14,2025
3-0,3,0,Minnesota Vikings,Las Vegas Raiders,12,10,2023
19-17,19,17,Cincinnati Bengals,Pittsburgh Steelers,1,4,2025
17-0,17,0,Green Bay Packers,Seattle Seahawks,11,14,2021
14-13,14,13,Buffalo Bills,Detroit Lions,12,16,2018
26-20,26,20,Los Angeles Rams,Seattle Seahawks,11,3,2024
38-14,38,14,Atlanta Falcons,Washington Redskins,11,4,2018
23-21,23,21,New England Patriots,Miami Dolphins,1,1,2023
31-27,31,27,Cincinnati Bengals,Jacksonville Jaguars,9,14,2025
20-6,20,6,Tampa Bay Buccaneers,Tennessee Titans,11,12,2023
7-6,7,6,New York Jets,Arizona Cardinals,12,2,2012
35-14,35,14,Baltimore Ravens,New York Giants,12,15,2024
13-6,13,6,Pittsburgh Steelers,Denver Broncos,9,15,2024
19-16,19,16,Houston Texans,Tennessee Titans,12,17,2023
30-17,30,17,Arizona Cardinals,New England Patriots,12,15,2024
24-16,24,16,Baltimore Ravens,Tennessee Titans,10,15,2023
38-10,38,10,Green Bay Packers,San Francisco 49ers,11,24,2024
28-10,28,10,Tampa Bay Buccaneers,Denver Broncos,9,27,2020
30-14,30,14,Dallas Cowboys,Carolina Panthers,12,15,2024
34-27,34,27,Los Angeles Chargers,Denver Broncos,12,19,2024
34-20,34,20,Los Angeles Chargers,Las Vegas Raiders,1,5,2025
26-23,26,23,Indianapolis Colts,Jacksonville Jaguars,1,5,2025
23-16,23,16,New England Patriots,Buffalo Bills,1,5,2025
23-13,23,13,Minnesota Vikings,Tennessee Titans,11,17,2024
27-23,27,23,Dallas Cowboys,Houston Texans,12,11,2022
23-14,23,14,Kansas City Chiefs,Houston Texans,1,18,2025
30-20,30,20,Buffalo Bills,Indianapolis Colts,11,10,2024
21-13,21,13,Minnesota Vikings,Indianapolis Colts,11,3,2024
19-13,19,13,Houston Texans,Chicago Bears,9,15,2024
13-3,13,3,Cleveland Browns,Baltimore Ravens,12,17,2022
21-16,21,16,Indianapolis Colts,Chicago Bears,9,22,2024
35-7,35,7,San Francisco 49ers,Tampa Bay Buccaneers,12,11,2022
38-24,38,24,Kansas City Chiefs,Buffalo Bills,1,24,2021
14-6,14,6,Arizona Cardinals,Detroit Lions,11,16,2014
19-14,19,14,Las Vegas Raiders,Jacksonville Jaguars,12,22,2024
20-19,20,19,Tampa Bay Buccaneers,Houston Texans,9,15,2025
30-7,30,7,Tampa Bay Buccaneers,New York Giants,11,24,2024
16-0,16,0,Denver Broncos,Tennessee Titans,10,13,2019
27-3,27,3,Tennessee Titans,Cincinnati Bengals,10,1,2023
34-0,34,0,Green Bay Packers,New Orleans Saints,12,23,2024
10-3,10,3,New England Patriots,New York Jets,11,20,2022
35-17,35,17,Cincinnati Bengals,Atlanta Falcons,10,23,2022
31-0,31,0,Indianapolis Colts,Houston Texans,12,5,2021
38-7,38,7,Philadelphia Eagles,New York Giants,1,21,2023
31-20,31,20,Indianapolis Colts,Houston Texans,9,17,2023
26-10,26,10,Jacksonville Jaguars,Carolina Panthers,9,7,2025
38-17,38,17,Tampa Bay Buccaneers,Detroit Lions,12,15,2019
34-13,34,13,Green Bay Packers,Arizona Cardinals,10,13,2024
30-13,30,13,Green Bay Packers,Seattle Seahawks,12,15,2024
34-10,34,10,Houston Texans,Dallas Cowboys,11,18,2024
28-20,28,20,Tennessee Titans,Jacksonville Jaguars,1,7,2024
26-24,26,24,Dallas Cowboys,Tampa Bay Buccaneers,12,22,2024
23-0,23,0,Indianapolis Colts,Dallas Cowboys,12,16,2018
30-28,30,28,New York Jets,Washington Commanders,12,24,2023
28-27,28,27,Indianapolis Colts,New York Jets,11,17,2024
34-21,34,21,New York Jets,Buffalo Bills,11,2,2017
16-7,16,7,Cincinnati Bengals,Cleveland Browns,11,29,2009
28-0,28,0,San Francisco 49ers,Los Angeles Rams,9,12,2016
34-28,34,28,Buffalo Bills,Arizona Cardinals,9,8,2024
31-3,31,3,Jacksonville Jaguars,Houston Texans,1,1,2023
26-14,26,14,Detroit Lions,Las Vegas Raiders,10,30,2023
30-23,30,23,Baltimore Ravens,Los Angeles Chargers,11,25,2024
14-3,14,3,Pittsburgh Steelers,Cleveland Browns,12,8,2011
26-21,26,21,San Francisco 49ers,New Orleans Saints,9,14,2025
9-7,9,7,Carolina Panthers,Atlanta Falcons,12,17,2023
28-13,28,13,Tampa Bay Buccaneers,Las Vegas Raiders,12,8,2024
19-7,19,7,Miami Dolphins,Cincinnati Bengals,12,6,2020
38-21,38,21,Los Angeles Chargers,Kansas City Chiefs,1,3,2021
24-6,24,6,Cincinnati Bengals,Cleveland Browns,12,22,2024
35-21,35,21,Denver Broncos,San Diego Chargers,10,23,2014
38-31,38,31,Philadelphia Eagles,Washington Commanders,10,29,2023
17-9,17,9,Green Bay Packers,Chicago Bears,1,7,2024
10-9,10,9,Denver Broncos,New York Jets,9,29,2024
41-10,41,10,Baltimore Ravens,Denver Broncos,11,3,2024
37-34,37,34,Jacksonville Jaguars,Indianapolis Colts,10,6,2024
23-3,23,3,Kansas City Chiefs,Denver Broncos,12,15,2019
24-22,24,22,Chicago Bears,Green Bay Packers,1,5,2025
26-7,26,7,Denver Broncos,Tampa Bay Buccaneers,9,22,2024
27-6,27,6,Los Angeles Chargers,New York Jets,11,6,2023
19-0,19,0,Buffalo Bills,Miami Dolphins,12,22,2013
41-14,41,14,Kansas City Chiefs,Las Vegas Raiders,11,14,2021
31-23,31,23,Detroit Lions,Tampa Bay Buccaneers,1,21,2024
37-14,37,14,Los Angeles Rams,Arizona Cardinals,11,26,2023
6-3,6,3,Seattle Seahawks,Chicago Bears,12,26,2024
13-9,13,9,Los Angeles Rams,Arizona Cardinals,12,28,2024
24-19,24,19,Philadelphia Eagles,Baltimore Ravens,12,1,2024
27-16,27,16,Chicago Bears,Arizona Cardinals,12,24,2023
38-20,38,20,Atlanta Falcons,Carolina Panthers,10,13,2024
16-6,16,6,Seattle Seahawks,Arizona Cardinals,11,24,2024
26-17,26,17,Philadelphia Eagles,Dallas Cowboys,10,16,2022
28-23,28,23,Philadelphia Eagles,Jacksonville Jaguars,11,3,2024
38-28,38,28,Los Angeles Rams,Arizona Cardinals,12,6,2020
33-14,33,14,Chicago Bears,New England Patriots,10,24,2022
9-0,9,0,Tampa Bay Buccaneers,Carolina Panthers,1,7,2024
34-3,34,3,San Francisco 49ers,Jacksonville Jaguars,11,12,2023
9-6,9,6,Jacksonville Jaguars,Buffalo Bills,11,7,2021
30-21,30,21,Buffalo Bills,Kansas City Chiefs,11,17,2024
37-7,37,7,Los Angeles Rams,Jacksonville Jaguars,12,5,2021
7-7,7,7,Washington Redskins,New York Giants,11,23,1997
7-3,7,3,Kansas City Chiefs,Denver Broncos,1,1,2012
26-0,26,0,Jacksonville Jaguars,Carolina Panthers,12,31,2023
20-12,20,12,Denver Broncos,Tennessee Titans,9,7,2025
37-31,37,31,Baltimore Ravens,Los Angeles Rams,12,10,2023
37-21,37,21,Los Angeles Chargers,New York Giants,12,12,2021
21-19,21,19,Atlanta Falcons,Houston Texans,10,8,2023
42-14,42,14,Washington Commanders,Arizona Cardinals,9,29,2024
42-7,42,7,Los Angeles Rams,Seattle Seahawks,12,17,2017
33-27,33,27,New England Patriots,Miami Dolphins,9,14,2025
14-9,14,9,Los Angeles Rams,Houston Texans,9,7,2025
33-17,33,17,Dallas Cowboys,Cleveland Browns,9,8,2024
41-21,41,21,Houston Texans,New England Patriots,10,13,2024
19-10,19,10,Tennessee Titans,Indianapolis Colts,10,23,2022
28-3,28,3,Philadelphia Eagles,New York Giants,10,20,2024
16-3,16,3,Washington Redskins,Tampa Bay Buccaneers,11,11,2018
17-12,17,12,New York Giants,Seattle Seahawks,12,6,2020
33-30,33,30,Green Bay Packers,Carolina Panthers,12,24,2023
22-17,22,17,Kansas City Chiefs,Atlanta Falcons,9,22,2024
37-20,37,20,Philadelphia Eagles,Los Angeles Rams,11,24,2024
45-21,45,21,Carolina Panthers,Miami Dolphins,11,13,2017
35-24,35,24,Kansas City Chiefs,Tennessee Titans,1,19,2020
45-17,45,17,Buffalo Bills,New York Jets,11,14,2021
31-6,31,6,Arizona Cardinals,New York Jets,11,10,2024
15-10,15,10,Miami Dolphins,New England Patriots,10,6,2024
26-16,26,16,Arizona Cardinals,Carolina Panthers,10,2,2022
41-7,41,7,Philadelphia Eagles,Dallas Cowboys,12,29,2024
38-35,38,35,Kansas City Chiefs,Philadelphia Eagles,2,12,2023
24-9,24,9,Denver Broncos,Kansas City Chiefs,10,29,2023
45-7,45,7,New England Patriots,Cleveland Browns,11,14,2021
42-21,42,21,Minnesota Vikings,Atlanta Falcons,12,8,2024
37-10,37,10,Green Bay Packers,Minnesota Vikings,1,2,2022
31-30,31,30,Jacksonville Jaguars,Los Angeles Chargers,1,14,2023
35-0,35,0,Buffalo Bills,Miami Dolphins,9,19,2021
12-7,12,7,Minnesota Vikings,Jacksonville Jaguars,11,10,2024
41-17,41,17,Baltimore Ravens,Cleveland Browns,9,14,2025
28-16,28,16,San Francisco 49ers,Seattle Seahawks,12,10,2023
10-10,10,10,Philadelphia Eagles,Baltimore Ravens,11,16,1997
35-10,35,10,Baltimore Ravens,Cleveland Browns,1,4,2025
35-28,35,28,Atlanta Falcons,Oakland Raiders,9,18,2016
38-0,38,0,Denver Broncos,Kansas City Chiefs,1,5,2025
21-3,21,3,Carolina Panthers,Tampa Bay Buccaneers,10,23,2022
20-9,20,9,Los Angeles Chargers,Las Vegas Raiders,9,15,2025
42-17,42,17,Detroit Lions,Denver Broncos,12,16,2023
27-19,27,19,Tampa Bay Buccaneers,New Orleans Saints,1,5,2025
31-16,31,16,Miami Dolphins,New York Giants,10,8,2023
26-13,26,13,Kansas City Chiefs,New Orleans Saints,10,7,2024
13-12,13,12,Kansas City Chiefs,Los Angeles Chargers,1,7,2024
30-0,30,0,Carolina Panthers,Atlanta Falcons,9,21,2025
41-38,41,38,Baltimore Ravens,Cincinnati Bengals,10,6,2024
27-26,27,26,New Orleans Saints,Atlanta Falcons,9,11,2022
22-21,22,21,Atlanta Falcons,Philadelphia Eagles,9,16,2024
12-0,12,0,New England Patriots,Miami Dolphins,12,7,2003
35-13,35,13,Buffalo Bills,Chicago Bears,12,24,2022
37-13,37,13,Chicago Bears,St. Louis Rams,11,15,2015
28-25,28,25,Baltimore Ravens,Dallas Cowboys,9,22,2024
33-7,33,7,New Orleans Saints,Carolina Panthers,1,3,2021
20-20,20,20,Washington Commanders,New York Giants,12,4,2022
35-31,35,31,Arizona Cardinals,Philadelphia Eagles,12,31,2023
30-3,30,3,Tennessee Titans,Carolina Panthers,11,13,2011
22-16,22,16,Philadelphia Eagles,Carolina Panthers,12,8,2024
22-10,22,10,Philadelphia Eagles,Green Bay Packers,1,12,2025
31-26,31,26,Atlanta Falcons,Tampa Bay Buccaneers,10,27,2024
12-10,12,10,Chicago Bears,Minnesota Vikings,11,27,2023
45-14,45,14,Houston Texans,Cleveland Browns,1,13,2024
40-7,40,7,Los Angeles Chargers,New England Patriots,12,28,2024
38-13,38,13,San Francisco 49ers,Chicago Bears,12,8,2024
38-3,38,3,Dallas Cowboys,New England Patriots,10,1,2023
26-3,26,3,Los Angeles Chargers,Carolina Panthers,9,15,2024
27-22,27,22,Arizona Cardinals,Carolina Panthers,9,14,2025
21-6,21,6,Washington Commanders,New York Giants,9,7,2025
23-6,23,6,Seattle Seahawks,New York Jets,1,1,2023
17-17,17,17,Kansas City Chiefs,New York Jets,10,2,1988
41-0,41,0,New Orleans Saints,Tampa Bay Buccaneers,12,16,2012
28-6,28,6,Minnesota Vikings,New York Giants,9,8,2024
45-10,45,10,Dallas Cowboys,Washington Commanders,11,23,2023
23-19,23,19,Washington Commanders,Dallas Cowboys,1,5,2025
25-20,25,20,Jacksonville Jaguars,Buffalo Bills,10,8,2023
35-20,35,20,Green Bay Packers,Houston Texans,10,25,2020
41-24,41,24,Washington Commanders,Las Vegas Raiders,9,21,2025
44-7,44,7,Jacksonville Jaguars,Baltimore Ravens,9,24,2017
30-16,30,16,Houston Texans,Jacksonville Jaguars,12,19,2021
42-10,42,10,San Francisco 49ers,Dallas Cowboys,10,8,2023
29-27,29,27,Tampa Bay Buccaneers,New York Jets,9,21,2025
29-21,29,21,Philadelphia Eagles,Jacksonville Jaguars,10,2,2022
29-10,29,10,Kansas City Chiefs,Pittsburgh Steelers,12,25,2024
14-12,14,12,Green Bay Packers,Tampa Bay Buccaneers,9,25,2022
35-3,35,3,Kansas City Chiefs,Oakland Raiders,12,30,2018
22-19,22,19,Indianapolis Colts,Baltimore Ravens,9,24,2023
34-16,34,16,Detroit Lions,Jacksonville Jaguars,10,18,2020
12-9,12,9,Indianapolis Colts,Denver Broncos,10,6,2022
35-27,35,27,Dallas Cowboys,Detroit Lions,11,17,2019
29-7,29,7,Tampa Bay Buccaneers,Chicago Bears,9,17,2017
19-3,19,3,New England Patriots,Chicago Bears,11,10,2024
15-13,15,13,Carolina Panthers,Houston Texans,10,29,2023
22-20,22,20,Miami Dolphins,Dallas Cowboys,12,24,2023
45-28,45,28,Chicago Bears,Dallas Cowboys,12,9,2013
34-23,34,23,Cincinnati Bengals,Tampa Bay Buccaneers,12,18,2022
40-14,40,14,Buffalo Bills,New York Jets,12,29,2024
25-24,25,24,Indianapolis Colts,New England Patriots,12,1,2024
29-14,29,14,Pittsburgh Steelers,Cincinnati Bengals,10,22,2017
42-20,42,20,Tennessee Titans,Jacksonville Jaguars,11,24,2019
13-13,13,13,Cincinnati Bengals,Philadelphia Eagles,11,16,2008
37-0,37,0,Miami Dolphins,San Diego Chargers,11,2,2014
33-13,33,13,Dallas Cowboys,Philadelphia Eagles,12,10,2023
20-15,20,15,Los Angeles Rams,Las Vegas Raiders,10,20,2024
21-18,21,18,Washington Commanders,New York Giants,9,15,2024
9-3,9,3,Carolina Panthers,Buffalo Bills,9,17,2017
22-14,22,14,Carolina Panthers,New Orleans Saints,9,25,2022
24-24,24,24,St. Louis Rams,San Francisco 49ers,11,11,2012
12-6,12,6,Los Angeles Rams,San Francisco 49ers,12,12,2024
31-19,31,19,New York Giants,Washington Commanders,11,19,2023
48-21,48,21,Atlanta Falcons,Houston Texans,10,4,2015
22-13,22,13,Houston Texans,Tennessee Titans,11,21,2021
23-22,23,22,Minnesota Vikings,Arizona Cardinals,12,1,2024
21-9,21,9,New Orleans Saints,Chicago Bears,1,10,2021
42-0,42,0,Seattle Seahawks,Philadelphia Eagles,12,5,2005
27-9,27,9,Los Angeles Rams,Minnesota Vikings,1,13,2025
37-24,37,24,New York Jets,Miami Dolphins,12,28,2014
33-24,33,24,Miami Dolphins,New England Patriots,1,9,2022
26-6,26,6,Washington Commanders,Dallas Cowboys,1,8,2023
19-9,19,9,Los Angeles Rams,New York Jets,12,22,2024
6-6,6,6,Arizona Cardinals,Seattle Seahawks,10,23,2016
41-20,41,20,Indianapolis Colts,Tennessee Titans,9,21,2025
16-15,16,15,San Francisco 49ers,Arizona Cardinals,9,21,2025
17-15,17,15,Arizona Cardinals,Los Angeles Chargers,10,21,2024
45-24,45,24,Atlanta Falcons,Tampa Bay Buccaneers,1,1,2012
14-14,14,14,Green Bay Packers,Tampa Bay Buccaneers,10,12,1980
33-21,33,21,Buffalo Bills,New England Patriots,12,26,2021
29-28,29,28,Indianapolis Colts,Denver Broncos,9,14,2025
37-17,37,17,Philadelphia Eagles,Cincinnati Bengals,10,27,2024
37-27,37,27,Cincinnati Bengals,Tennessee Titans,12,15,2024
15-0,15,0,Oakland Raiders,Kansas City Chiefs,12,16,2012
42-28,42,28,Carolina Panthers,Tampa Bay Buccaneers,11,4,2018
30-6,30,6,New York Jets,Houston Texans,12,10,2023
18-17,18,17,Green Bay Packers,New Orleans Saints,9,24,2023
28-28,28,28,Miami Dolphins,New York Jets,10,4,1981
29-24,29,24,Cleveland Browns,Baltimore Ravens,10,27,2024
21-21,21,21,Cleveland Browns,Pittsburgh Steelers,9,9,2018
38-27,38,27,New Orleans Saints,Indianapolis Colts,10,29,2023
33-10,33,10,Denver Broncos,New Orleans Saints,10,17,2024
22-0,22,0,Green Bay Packers,Buffalo Bills,9,30,2018
41-13,41,13,Atlanta Falcons,San Francisco 49ers,12,18,2016
25-17,25,17,Kansas City Chiefs,Cincinnati Bengals,12,31,2023
16-12,16,12,Las Vegas Raiders,New York Jets,11,12,2023
29-23,29,23,Los Angeles Rams,Indianapolis Colts,10,1,2023
25-22,25,22,New England Patriots,New York Jets,10,27,2024
35-23,35,23,Buffalo Bills,New England Patriots,1,8,2023
33-31,33,31,Cleveland Browns,Baltimore Ravens,11,12,2023
34-33,34,33,Arizona Cardinals,Minnesota Vikings,9,19,2021
16-9,16,9,Denver Broncos,Los Angeles Chargers,12,31,2023
24-12,24,12,Green Bay Packers,Los Angeles Rams,12,19,2022
31-9,31,9,Detroit Lions,Minnesota Vikings,1,5,2025
41-28,41,28,New England Patriots,Los Angeles Chargers,1,13,2019
28-22,28,22,Philadelphia Eagles,Los Angeles Rams,1,19,2025
3-3,3,3,Chicago Bears,New York Giants,10,31,1937
22-7,22,7,Washington Football Team,New York Giants,1,9,2022
37-3,37,3,Baltimore Ravens,Seattle Seahawks,11,5,2023
38-23,38,23,Dallas Cowboys,Philadelphia Eagles,11,11,2012
19-6,19,6,Pittsburgh Steelers,New York Jets,10,13,2013
42-24,42,24,Detroit Lions,Carolina Panthers,10,8,2023
29-17,29,17,Miami Dolphins,San Francisco 49ers,12,22,2024
28-26,28,26,Seattle Seahawks,Pittsburgh Steelers,9,15,2019
36-28,36,28,Minnesota Vikings,Pittsburgh Steelers,12,9,2021
41-31,41,31,Baltimore Ravens,Tampa Bay Buccaneers,10,21,2024
48-17,48,17,New Orleans Saints,Atlanta Falcons,1,7,2024
34-30,34,30,Washington Football Team,Atlanta Falcons,10,3,2021
35-16,35,16,Chicago Bears,Jacksonville Jaguars,10,13,2024
41-27,41,27,New York Giants,Cleveland Browns,10,7,2012
29-20,29,20,New York Giants,Seattle Seahawks,10,6,2024
31-29,31,29,Detroit Lions,Minnesota Vikings,10,20,2024
28-19,28,19,Green Bay Packers,Chicago Bears,12,4,2022
33-6,33,6,San Francisco 49ers,New England Patriots,10,25,2020
33-3,33,3,New England Patriots,Pittsburgh Steelers,9,8,2019
30-12,30,12,Minnesota Vikings,Chicago Bears,12,16,2024
38-6,38,6,Denver Broncos,Atlanta Falcons,11,17,2024
36-14,36,14,Denver Broncos,Carolina Panthers,11,11,2012
49-21,49,21,New Orleans Saints,Los Angeles Rams,11,27,2016
45-3,45,3,San Francisco 49ers,Buffalo Bills,10,7,2012
36-20,36,20,New England Patriots,Las Vegas Raiders,9,27,2020
37-35,37,35,Minnesota Vikings,Detroit Lions,1,3,2021
31-15,31,15,Tampa Bay Buccaneers,Philadelphia Eagles,1,16,2022
29-13,29,13,Minnesota Vikings,Chicago Bears,1,8,2023
30-26,30,26,Cincinnati Bengals,New Orleans Saints,10,16,2022
26-9,26,9,Los Angeles Rams,Arizona Cardinals,10,15,2023
27-25,27,25,Buffalo Bills,Baltimore Ravens,1,19,2025
25-0,25,0,New England Patriots,Atlanta Falcons,11,18,2021
23-9,23,9,Philadelphia Eagles,Dallas Cowboys,11,1,2020
33-20,33,20,Pittsburgh Steelers,Cincinnati Bengals,12,13,2015
35-32,35,32,Miami Dolphins,Chicago Bears,11,6,2022
25-10,25,10,Las Vegas Raiders,New Orleans Saints,12,29,2024
29-26,29,26,Seattle Seahawks,Washington Commanders,11,12,2023
36-22,36,22,Carolina Panthers,Las Vegas Raiders,9,22,2024
38-34,38,34,Chicago Bears,New York Jets,12,26,2010
41-3,41,3,New England Patriots,New York Jets,12,24,2016
35-30,35,30,Seattle Seahawks,New England Patriots,9,20,2020
45-0,45,0,New England Patriots,Los Angeles Chargers,12,6,2020
26-18,26,18,Philadelphia Eagles,Washington Commanders,11,14,2024
23-15,23,15,Miami Dolphins,Los Angeles Rams,11,11,2024
37-16,37,16,New England Patriots,Buffalo Bills,12,24,2017
15-7,15,7,New York Giants,Philadelphia Eagles,10,27,2013
32-0,32,0,Cleveland Browns,Arizona Cardinals,9,18,1994
19-12,19,12,San Francisco 49ers,Dallas Cowboys,1,22,2023
30-22,30,22,Los Angeles Rams,New Orleans Saints,12,21,2023
48-7,48,7,New Orleans Saints,Philadelphia Eagles,11,18,2018
52-21,52,21,Detroit Lions,Chicago Bears,9,14,2025
34-26,34,26,Dallas Cowboys,Washington Commanders,11,24,2024
35-9,35,9,Kansas City Chiefs,New York Jets,11,1,2020
37-6,37,6,Denver Broncos,Oakland Raiders,9,30,2012
36-10,36,10,Chicago Bears,Carolina Panthers,10,6,2024
40-17,40,17,Tampa Bay Buccaneers,Los Angeles Chargers,12,15,2024
35-34,35,34,Baltimore Ravens,Cincinnati Bengals,11,7,2024
33-28,33,28,Detroit Lions,New Orleans Saints,12,3,2023
34-6,34,6,Philadelphia Eagles,Dallas Cowboys,11,10,2024
25-23,25,23,Arizona Cardinals,Atlanta Falcons,11,12,2023
33-19,33,19,Los Angeles Rams,Tennessee Titans,9,14,2025
30-9,30,9,New Orleans Saints,New York Jets,12,12,2021
32-14,32,14,Cincinnati Bengals,Philadelphia Eagles,12,4,2016
40-34,40,34,Detroit Lions,San Francisco 49ers,12,30,2024
33-16,33,16,Tampa Bay Buccaneers,Philadelphia Eagles,9,29,2024
44-21,44,21,Kansas City Chiefs,Arizona Cardinals,9,11,2022
24-15,24,15,Atlanta Falcons,New Orleans Saints,11,26,2023
23-12,23,12,St. Louis Rams,Seattle Seahawks,11,14,2004
38-9,38,9,Buffalo Bills,New England Patriots,12,28,2020
30-19,30,19,Buffalo Bills,Los Angeles Rams,10,9,2016
45-31,45,31,Washington Commanders,Detroit Lions,1,18,2025
44-10,44,10,Jacksonville Jaguars,Arizona Cardinals,12,10,2000
40-21,40,21,San Francisco 49ers,Seattle Seahawks,12,12,2010
15-14,15,14,San Francisco 49ers,Chicago Bears,12,3,2017
34-19,34,19,Miami Dolphins,Las Vegas Raiders,11,17,2024
48-10,48,10,Minnesota Vikings,Cincinnati Bengals,9,21,2025
36-7,36,7,Chicago Bears,Houston Texans,12,13,2020
18-16,18,16,Pittsburgh Steelers,Baltimore Ravens,11,17,2024
15-12,15,12,Philadelphia Eagles,New Orleans Saints,9,22,2024
41-16,41,16,Cleveland Browns,Cincinnati Bengals,11,7,2021
44-17,44,17,Dallas Cowboys,Washington Redskins,12,28,2014
18-15,18,15,Washington Commanders,Chicago Bears,10,27,2024
38-30,38,30,Detroit Lions,Baltimore Ravens,9,22,2025
32-31,32,31,Houston Texans,Indianapolis Colts,1,8,2023
25-7,25,7,Minnesota Vikings,Chicago Bears,10,27,2002
26-15,26,15,Buffalo Bills,Pittsburgh Steelers,12,13,2020
20-18,20,18,Pittsburgh Steelers,Tampa Bay Buccaneers,10,16,2022
34-29,34,29,Philadelphia Eagles,Green Bay Packers,9,6,2024
29-22,29,22,Green Bay Packers,Detroit Lions,11,23,2023
36-30,36,30,Carolina Panthers,Arizona Cardinals,12,22,2024
49-17,49,17,Dallas Cowboys,New York Giants,11,12,2023
21-12,21,12,Seattle Seahawks,Dallas Cowboys,12,24,2017
32-29,32,29,Kansas City Chiefs,Buffalo Bills,1,26,2025
24-18,24,18,Chicago Bears,Los Angeles Rams,9,29,2024
31-22,31,22,Carolina Panthers,Detroit Lions,11,16,2008
18-7,18,7,Los Angeles Rams,Arizona Cardinals,1,3,2021
49-14,49,14,Indianapolis Colts,Houston Texans,11,14,2004
25-21,25,21,Arizona Cardinals,Detroit Lions,9,15,2013
22-3,22,3,Baltimore Ravens,St. Louis Rams,10,14,2007
44-0,44,0,Detroit Lions,Jacksonville Jaguars,12,17,1995
48-14,48,14,Tampa Bay Buccaneers,Carolina Panthers,12,29,2024
42-27,42,27,Kansas City Chiefs,New England Patriots,9,7,2017
43-14,43,14,Pittsburgh Steelers,Kansas City Chiefs,10,2,2016
37-28,37,28,Denver Broncos,New York Jets,10,1,2020
27-12,27,12,Cincinnati Bengals,New York Jets,9,25,2022
37-30,37,30,Cincinnati Bengals,Pittsburgh Steelers,11,20,2022
44-6,44,6,Philadelphia Eagles,Detroit Lions,10,31,2021
41-35,41,35,Dallas Cowboys,Seattle Seahawks,11,30,2023
44-14,44,14,Tennessee Oilers,Cincinnati Bengals,10,18,1998
45-35,45,35,New Orleans Saints,Los Angeles Rams,11,4,2018
28-18,28,18,Kansas City Chiefs,San Francisco 49ers,10,20,2024
33-0,33,0,New England Patriots,New York Jets,10,21,2019
28-12,28,12,Tennessee Titans,Baltimore Ravens,1,11,2020
36-0,36,0,New York Giants,Washington Redskins,10,30,2005
38-16,38,16,Pittsburgh Steelers,Washington Redskins,9,12,2016
47-17,47,17,Buffalo Bills,New England Patriots,1,15,2022
40-24,40,24,Indianapolis Colts,New York Giants,11,3,2014
25-19,25,19,Atlanta Falcons,Washington Redskins,10,11,2015
29-3,29,3,Chicago Bears,New York Giants,1,2,2022
22-6,22,6,Atlanta Falcons,Minnesota Vikings,9,14,2025
32-6,32,6,Buffalo Bills,New York Jets,11,19,2023
30-15,30,15,Miami Dolphins,Houston Texans,11,27,2022
42-31,42,31,Buffalo Bills,Miami Dolphins,12,4,1994
33-18,33,18,Philadelphia Eagles,New York Jets,12,5,2021
18-10,18,10,Pittsburgh Steelers,Atlanta Falcons,9,8,2024
32-21,32,21,Washington Commanders,Philadelphia Eagles,11,14,2022
41-9,41,9,Chicago Bears,Buffalo Bills,11,4,2018
44-38,44,38,Carolina Panthers,Atlanta Falcons,1,5,2025
48-0,48,0,Jacksonville Jaguars,Cleveland Browns,12,3,2000
52-14,52,14,Detroit Lions,Tennessee Titans,10,27,2024
36-33,36,33,Washington Commanders,Philadelphia Eagles,12,22,2024
33-25,33,25,Philadelphia Eagles,New York Giants,12,25,2023
35-6,35,6,Seattle Seahawks,Baltimore Ravens,12,13,2015
32-13,32,13,Pittsburgh Steelers,Las Vegas Raiders,10,13,2024
42-13,42,13,Seattle Seahawks,San Francisco 49ers,12,23,2012
41-23,41,23,San Francisco 49ers,Seattle Seahawks,1,14,2023
30-29,30,29,Kansas City Chiefs,Las Vegas Raiders,10,10,2022
43-24,43,24,Philadelphia Eagles,Tennessee Titans,11,23,2014
26-22,26,22,Pittsburgh Steelers,Cleveland Browns,9,18,2023
34-9,34,9,New England Patriots,Detroit Lions,11,23,2014
33-22,33,22,Arizona Cardinals,Chicago Bears,12,5,2021
42-34,42,34,Arizona Cardinals,New Orleans Saints,10,20,2022
44-24,44,24,Kansas City Chiefs,Denver Broncos,1,3,2010
32-28,32,28,Seattle Seahawks,Cleveland Browns,10,13,2019
40-10,40,10,Dallas Cowboys,San Francisco 49ers,10,22,2017
44-13,44,13,Seattle Seahawks,New Orleans Saints,9,21,2025
27-11,27,11,Washington Redskins,Denver Broncos,12,24,2017
22-9,22,9,Kansas City Chiefs,New York Giants,9,21,2025
43-0,43,0,New England Patriots,Miami Dolphins,9,15,2019
32-10,32,10,Atlanta Falcons,Arizona Cardinals,10,1,2006
42-6,42,6,Indianapolis Colts,St. Louis Rams,10,25,2009
45-27,45,27,New Orleans Saints,Detroit Lions,9,13,2009
23-18,23,18,Pittsburgh Steelers,Las Vegas Raiders,9,24,2023
28-9,28,9,Buffalo Bills,New York Jets,12,30,2012
48-20,48,20,Buffalo Bills,Miami Dolphins,10,1,2023
47-10,47,10,Buffalo Bills,Jacksonville Jaguars,9,23,2024
37-26,37,26,Baltimore Ravens,New England Patriots,9,25,2022
49-0,49,0,Kansas City Chiefs,Arizona Cardinals,12,1,2002
49-7,49,7,San Francisco 49ers,Chicago Bears,9,7,2003
27-15,27,15,Cincinnati Bengals,Miami Dolphins,9,29,2022
42-3,42,3,Philadelphia Eagles,San Francisco 49ers,9,18,2005
55-14,55,14,Green Bay Packers,Chicago Bears,11,9,2014
34-12,34,12,Denver Broncos,Cleveland Browns,12,23,2012
51-14,51,14,Los Angeles Rams,Denver Broncos,12,25,2022
35-33,35,33,Washington Commanders,Denver Broncos,9,17,2023
41-34,41,34,San Francisco 49ers,New England Patriots,12,16,2012
38-15,38,15,New England Patriots,Cleveland Browns,10,16,2022
47-7,47,7,Tampa Bay Buccaneers,Detroit Lions,12,26,2020
38-33,38,33,Washington Commanders,Cincinnati Bengals,9,23,2024
31-12,31,12,Tennessee Titans,Miami Dolphins,9,30,2024
25-13,25,13,Denver Broncos,Indianapolis Colts,12,14,2017
38-36,38,36,Tennessee Titans,Houston Texans,10,21,2007
29-19,29,19,Denver Broncos,Las Vegas Raiders,11,24,2024
41-6,41,6,Miami Dolphins,Indianapolis Colts,12,10,2001
34-15,34,15,Miami Dolphins,New England Patriots,11,24,2024
27-27,27,27,Arizona Cardinals,Detroit Lions,9,8,2019
31-25,31,25,Baltimore Ravens,Indianapolis Colts,10,11,2021
25-16,25,16,Tennessee Titans,Indianapolis Colts,9,26,2021
31-31,31,31,Houston Oilers,San Diego Chargers,10,25,1970
2-0,2,0,Chicago Bears,Green Bay Packers,9,18,1938
44-27,44,27,Tampa Bay Buccaneers,Atlanta Falcons,1,3,2021
36-17,36,17,New England Patriots,Pittsburgh Steelers,1,22,2017
31-18,31,18,Detroit Lions,New York Giants,11,20,2022
38-19,38,19,Atlanta Falcons,Arizona Cardinals,11,27,2016
40-20,40,20,Chicago Bears,Washington Commanders,10,5,2023
15-9,15,9,Atlanta Falcons,Las Vegas Raiders,12,16,2024
35-15,35,15,San Diego Chargers,Seattle Seahawks,10,30,1994
45-38,45,38,Green Bay Packers,San Diego Chargers,11,6,2011
35-26,35,26,Green Bay Packers,Tampa Bay Buccaneers,11,20,2011
29-0,29,0,New England Patriots,Detroit Lions,10,9,2022
18-13,18,13,Cleveland Browns,Jacksonville Jaguars,9,15,2024
37-22,37,22,New England Patriots,Buffalo Bills,10,12,2014
42-23,42,23,Houston Texans,Miami Dolphins,10,25,2018
49-31,49,31,Buffalo Bills,Cincinnati Bengals,11,21,2010
40-0,40,0,Dallas Cowboys,New York Giants,9,10,2023
29-6,29,6,Houston Texans,Oakland Raiders,10,4,2009
45-13,45,13,Kansas City Chiefs,Washington Redskins,9,30,2001
18-14,18,14,Indianapolis Colts,San Francisco 49ers,11,1,2009
37-23,37,23,Carolina Panthers,Detroit Lions,12,24,2022
36-21,36,21,Carolina Panthers,Baltimore Ravens,10,28,2018
39-0,39,0,Detroit Lions,Chicago Cardinals,9,28,1936
14-2,14,2,Baltimore Colts,Los Angeles Rams,11,11,1962
32-20,32,20,New York Jets,Miami Dolphins,1,5,2025
25-14,25,14,Arizona Cardinals,New York Giants,9,14,2014
25-6,25,6,New England Patriots,New York Jets,9,19,2021
39-10,39,10,Minnesota Vikings,Los Angeles Chargers,12,15,2019
32-7,32,7,San Francisco 49ers,Chicago Bears,11,19,2012
12-3,12,3,Cincinnati Bengals,Cleveland Browns,10,29,2000
18-12,18,12,Denver Broncos,New England Patriots,10,18,2020
26-19,26,19,Cincinnati Bengals,Las Vegas Raiders,1,15,2022
19-11,19,11,Indianapolis Colts,Chicago Bears,10,4,2020
8-0,8,0,Cleveland Browns,Buffalo Bills,12,16,2007
42-35,42,35,Tampa Bay Buccaneers,Chicago Bears,10,8,1989
44-20,44,20,Dallas Cowboys,New York Giants,10,10,2021
42-19,42,19,Washington Commanders,Tennessee Titans,12,1,2024
33-26,33,26,Philadelphia Eagles,Los Angeles Rams,9,21,2025
40-3,40,3,Dallas Cowboys,Minnesota Vikings,11,20,2022
51-7,51,7,San Francisco 49ers,Minnesota Vikings,12,8,1984
35-19,35,19,Denver Broncos,Jacksonville Jaguars,10,13,2013
36-35,36,35,Baltimore Ravens,Kansas City Chiefs,9,19,2021
41-33,41,33,San Francisco 49ers,Detroit Lions,9,12,2021
48-3,48,3,San Francisco 49ers,Tampa Bay Buccaneers,10,9,2011
32-17,32,17,Detroit Lions,San Francisco 49ers,12,27,2015
40-13,40,13,New York Jets,Miami Dolphins,12,2,2007
43-17,43,17,Miami Dolphins,San Francisco 49ers,10,11,2020
23-23,23,23,Cincinnati Bengals,Philadelphia Eagles,9,27,2020
45-6,45,6,Baltimore Ravens,Los Angeles Rams,11,25,2019
35-35,35,35,Denver Broncos,Pittsburgh Steelers,9,22,1974
56-17,56,17,San Francisco 49ers,Atlanta Falcons,10,18,1992
47-27,47,27,Atlanta Falcons,Houston Oilers,9,9,1990
43-7,43,7,Atlanta Falcons,Tampa Bay Buccaneers,11,17,1991
37-15,37,15,Pittsburgh Steelers,New York Jets,10,20,2024
35-12,35,12,Atlanta Falcons,New Orleans Saints,12,5,1999
44-41,44,41,Tennessee Titans,Detroit Lions,9,23,2012
39-32,39,32,New Orleans Saints,Seattle Seahawks,10,9,2022
34-18,34,18,Denver Broncos,Las Vegas Raiders,10,6,2024
56-14,56,14,Dallas Cowboys,Washington Football Team,12,26,2021
34-32,34,32,Pittsburgh Steelers,New York Jets,9,7,2025
33-12,33,12,Los Angeles Rams,New York Giants,9,30,1984
18-6,18,6,Green Bay Packers,Minnesota Vikings,12,11,1988
15-6,15,6,Chicago Bears,Los Angeles Rams,12,9,2018
32-3,32,3,New York Jets,Jacksonville Jaguars,9,18,2011
35-22,35,22,Tampa Bay Buccaneers,Atlanta Falcons,11,24,2019
34-25,34,25,Oakland Raiders,Tennessee Titans,10,30,2005
21-15,21,15,New York Giants,Cleveland Browns,9,22,2024
44-34,44,34,Buffalo Bills,Seattle Seahawks,11,8,2020
21-11,21,11,New England Patriots,Miami Dolphins,9,13,2020
34-11,34,11,Pittsburgh Steelers,Cincinnati Bengals,12,23,2023
26-11,26,11,Jacksonville Jaguars,Indianapolis Colts,1,9,2022
29-15,29,15,Buffalo Bills,Atlanta Falcons,1,2,2022
37-29,37,29,Carolina Panthers,Green Bay Packers,11,8,2015
25-15,25,15,Carolina Panthers,Atlanta Falcons,11,10,2022
47-0,47,0,Houston Oilers,Chicago Bears,11,6,1977
56-7,56,7,Oakland Raiders,Houston Oilers,12,21,1969
29-16,29,16,Denver Broncos,Kansas City Chiefs,11,30,2014
59-0,59,0,New England Patriots,Tennessee Titans,10,18,2009
41-19,41,19,Detroit Lions,Minnesota Vikings,12,17,1994
15-3,15,3,Cincinnati Bengals,Los Angeles Rams,12,19,1993
32-25,32,25,New York Jets,Jacksonville Jaguars,12,15,2024
19-15,19,15,Washington Redskins,Dallas Cowboys,9,23,1990
56-10,56,10,New England Patriots,Buffalo Bills,11,18,2007
39-38,39,38,Cleveland Browns,Indianapolis Colts,10,22,2023
28-15,28,15,Pittsburgh Steelers,Arizona Cardinals,11,9,2003
56-0,56,0,Baltimore Colts,Green Bay Packers,11,2,1958
30-18,30,18,Seattle Seahawks,Arizona Cardinals,12,8,2024
25-3,25,3,New York Giants,Carolina Panthers,10,24,2021
39-17,39,17,Miami Dolphins,Cleveland Browns,11,13,2022
49-13,49,13,Baltimore Ravens,Cincinnati Bengals,11,10,2019
14-11,14,11,New Orleans Saints,New York Giants,12,8,2024
36-6,36,6,Seattle Seahawks,Arizona Cardinals,1,3,2016
45-42,45,42,Oakland Raiders,Cleveland Browns,9,30,2018
43-13,43,13,Tennessee Titans,Cleveland Browns,9,8,2019
48-23,48,23,Arizona Cardinals,Chicago Bears,9,20,2015
47-14,47,14,Washington Redskins,New Orleans Saints,11,15,2015
36-31,36,31,Los Angeles Rams,Seattle Seahawks,11,11,2018
37-33,37,33,Oakland Raiders,Baltimore Ravens,9,20,2015
45-34,45,34,Seattle Seahawks,Oakland Raiders,10,26,1997
32-27,32,27,Tennessee Titans,Houston Texans,11,24,2024
40-32,40,32,Las Vegas Raiders,Kansas City Chiefs,10,11,2020
16-16,16,16,Detroit Lions,Pittsburgh Steelers,11,14,2021
43-37,43,37,New Orleans Saints,Atlanta Falcons,9,23,2018
32-16,32,16,Jacksonville Jaguars,New England Patriots,10,20,2024
29-25,29,25,Tampa Bay Buccaneers,Atlanta Falcons,12,10,2023
40-33,40,33,Philadelphia Eagles,Green Bay Packers,11,27,2022
44-23,44,23,Kansas City Chiefs,San Francisco 49ers,10,23,2022
36-13,36,13,New England Patriots,Tennessee Titans,11,28,2021
48-22,48,22,Philadelphia Eagles,New York Giants,12,11,2022
40-16,40,16,New York Giants,Washington Redskins,12,9,2018
45-20,45,20,Tampa Bay Buccaneers,Las Vegas Raiders,10,25,2020
37-19,37,19,Tennessee Titans,Jacksonville Jaguars,10,10,2021
62-7,62,7,New Orleans Saints,Indianapolis Colts,10,23,2011
43-28,43,28,Atlanta Falcons,Tampa Bay Buccaneers,11,3,2016
34-22,34,22,Chicago Bears,Detroit Lions,11,11,2018
51-23,51,23,Philadelphia Eagles,Denver Broncos,11,5,2017
38-32,38,32,Atlanta Falcons,New Orleans Saints,1,1,2017
40-23,40,23,Atlanta Falcons,Minnesota Vikings,10,18,2020
39-35,39,35,Detroit Lions,Indianapolis Colts,9,11,2016
51-0,51,0,Cleveland Browns,Pittsburgh Steelers,9,10,1989
57-0,57,0,Chicago Bears,Baltimore Colts,11,25,1962
18-0,18,0,Cleveland Browns,Cincinnati Bengals,11,25,2001
33-23,33,23,Cincinnati Bengals,Cleveland Browns,12,29,2019
50-17,50,17,Seattle Seahawks,Buffalo Bills,12,16,2012
5-0,5,0,Buffalo Bills,Cincinnati Bengals,10,22,1978
43-23,43,23,Pittsburgh Steelers,Baltimore Ravens,11,2,2014
45-16,45,16,Buffalo Bills,San Francisco 49ers,10,16,2016
48-19,48,19,Buffalo Bills,Denver Broncos,12,19,2020
43-21,43,21,Buffalo Bills,Washington Football Team,9,26,2021
38-22,38,22,Los Angeles Rams,Houston Texans,10,31,2021
52-31,52,31,Carolina Panthers,Cincinnati Bengals,12,8,2002
48-16,48,16,Carolina Panthers,Tampa Bay Buccaneers,12,24,2011
40-6,40,6,Los Angeles Rams,New York Giants,12,10,1973
37-9,37,9,Philadelphia Eagles,Dallas Cowboys,11,19,2017
44-28,44,28,Cincinnati Bengals,Cleveland Browns,12,12,1999
56-20,56,20,Philadelphia Eagles,Los Angeles Rams,10,7,1950
51-17,51,17,Los Angeles Rams,New York Giants,11,5,2017
48-13,48,13,Denver Broncos,Tampa Bay Buccaneers,11,7,1976
25-12,25,12,Indianapolis Colts,Tampa Bay Buccaneers,11,29,2015
39-14,39,14,Chicago Bears,New Orleans Saints,1,21,2007
48-24,48,24,Chicago Bears,Detroit Lions,10,4,2009
37-8,37,8,San Francisco 49ers,Green Bay Packers,11,24,2019
38-25,38,25,Seattle Seahawks,Atlanta Falcons,9,13,2020
37-36,37,36,Cincinnati Bengals,Atlanta Falcons,9,30,2018
55-7,55,7,Green Bay Packers,Tennessee Titans,12,23,2012
49-28,49,28,New England Patriots,Miami Dolphins,10,21,2007
52-20,52,20,Denver Broncos,Philadelphia Eagles,9,29,2013
42-37,42,37,Kansas City Chiefs,Pittsburgh Steelers,9,16,2018
47-13,47,13,Cleveland Browns,Philadelphia Eagles,11,24,1968
51-45,51,45,Arizona Cardinals,Green Bay Packers,1,10,2010
32-23,32,23,Las Vegas Raiders,Denver Broncos,10,2,2022
52-0,52,0,St. Louis Rams,Oakland Raiders,11,30,2014
51-27,51,27,Tampa Bay Buccaneers,New Orleans Saints,10,13,2024
39-26,39,26,New England Patriots,Pittsburgh Steelers,11,14,2010
55-21,55,21,Indianapolis Colts,New Orleans Saints,9,28,2003
49-24,49,24,New Orleans Saints,New York Giants,11,28,2011
23-8,23,8,Oakland Raiders,Kansas City Chiefs,9,14,2008
49-27,49,27,Indianapolis Colts,Washington Redskins,11,30,2014
28-11,28,11,Indianapolis Colts,Minnesota Vikings,9,20,2020
36-34,36,34,Miami Dolphins,Los Angeles Chargers,9,10,2023
40-37,40,37,Dallas Cowboys,New York Giants,9,14,2025
32-30,32,30,Arizona Cardinals,Buffalo Bills,11,15,2020
29-9,29,9,Arizona Cardinals,Chicago Bears,11,3,2024
31-2,31,2,Baltimore Ravens,Houston Texans,12,25,2024
39-31,39,31,Detroit Lions,Dallas Cowboys,12,31,2006
52-10,52,10,Philadelphia Eagles,St. Louis Cardinals,11,8,1981
59-14,59,14,Oakland Raiders,Denver Broncos,10,24,2010
41-22,41,22,Los Angeles Chargers,Cincinnati Bengals,12,5,2021
52-17,52,17,Washington Redskins,San Francisco 49ers,10,23,2005
41-37,41,37,Los Angeles Chargers,Pittsburgh Steelers,11,21,2021
20-8,20,8,Dallas Cowboys,New York Giants,12,14,2008
40-28,40,28,Green Bay Packers,Chicago Bears,12,17,1989
38-37,38,37,Detroit Lions,Cleveland Browns,11,22,2009
39-36,39,36,Minnesota Vikings,Indianapolis Colts,12,17,2022
39-7,39,7,Houston Oilers,Miami Dolphins,10,1,1989
13-2,13,2,Detroit Lions,Minnesota Vikings,12,5,1983
55-20,55,20,Baltimore Ravens,Oakland Raiders,11,11,2012
36-27,36,27,Detroit Lions,Washington Commanders,9,18,2022
55-24,55,24,New York Giants,Green Bay Packers,12,20,1986
36-24,36,24,San Francisco 49ers,Seattle Seahawks,10,10,2024
45-41,45,41,Washington Redskins,Chicago Bears,10,20,2013
41-25,41,25,Green Bay Packers,Chicago Bears,11,29,2020
32-18,32,18,Green Bay Packers,Los Angeles Rams,1,16,2021
35-8,35,8,Miami Dolphins,Buffalo Bills,11,20,2011
42-30,42,30,Kansas City Chiefs,Philadelphia Eagles,10,3,2021
42-36,42,36,Kansas City Chiefs,Buffalo Bills,1,23,2022
26-25,26,25,Kansas City Chiefs,Cincinnati Bengals,9,15,2024
7-2,7,2,New England Patriots,Cincinnati Bengals,12,12,1993
26-8,26,8,Los Angeles Chargers,New Orleans Saints,10,27,2024
30-25,30,25,Seattle Seahawks,Los Angeles Rams,1,5,2025
11-7,11,7,New Orleans Saints,San Francisco 49ers,10,29,1995
51-10,51,10,Minnesota Vikings,Houston Oilers,10,13,1974
38-26,38,26,Washington Redskins,Minnesota Vikings,10,14,2012
48-27,48,27,New Orleans Saints,New York Giants,10,18,2009
50-21,50,21,Washington Redskins,New York Giants,9,19,1999
24-2,24,2,New York Giants,Atlanta Falcons,1,8,2012
35-25,35,25,Washington Redskins,Buffalo Bills,12,20,2015
48-28,48,28,New York Jets,Buffalo Bills,9,9,2012
49-26,49,26,New England Patriots,Oakland Raiders,12,14,2008
51-21,51,21,Los Angeles Rams,Green Bay Packers,9,21,1980
45-29,45,29,San Francisco 49ers,Arizona Cardinals,12,17,2023
43-35,43,35,Philadelphia Eagles,Los Angeles Rams,12,10,2017
47-41,47,41,Buffalo Bills,Houston Oilers,9,24,1989
29-18,29,18,Atlanta Falcons,Arizona Cardinals,11,30,2014
39-28,39,28,Atlanta Falcons,Dallas Cowboys,9,27,2015
33-32,33,32,Atlanta Falcons,Green Bay Packers,10,30,2016
43-6,43,6,Atlanta Falcons,Las Vegas Raiders,11,29,2020
13-8,13,8,Atlanta Falcons,New York Jets,12,3,2023
55-0,55,0,Houston Oilers,Oakland Raiders,9,9,1961
22-12,22,12,Miami Dolphins,New England Patriots,12,20,2020
44-16,44,16,Carolina Panthers,Washington Redskins,11,22,2015
51-24,51,24,Indianapolis Colts,Tennessee Titans,12,5,2004
51-3,51,3,Buffalo Bills,Los Angeles Raiders,1,20,1991
47-34,47,34,Buffalo Bills,Miami Dolphins,12,19,1993
45-33,45,33,New York Giants,Indianapolis Colts,12,29,2024
27-18,27,18,Green Bay Packers,Washington Commanders,9,11,2025
42-32,42,32,Tampa Bay Buccaneers,Oakland Raiders,11,4,2012
16-8,16,8,Carolina Panthers,Dallas Cowboys,9,9,2018
46-10,46,10,Chicago Bears,New England Patriots,1,26,1986
18-3,18,3,Pittsburgh Steelers,Minnesota Vikings,12,18,2005
28-8,28,8,Kansas City Chiefs,Oakland Raiders,9,6,1998
47-25,47,25,Tennessee Titans,Green Bay Packers,11,13,2016
53-7,53,7,San Diego Chargers,New York Jets,11,2,1963
52-35,52,35,Chicago Bears,Minnesota Vikings,12,17,1961
45-37,45,37,Indianapolis Colts,Cincinnati Bengals,11,20,2005
61-7,61,7,Cincinnati Bengals,Houston Oilers,12,17,1989
44-9,44,9,Kansas City Chiefs,San Francisco 49ers,11,30,1997
35-18,35,18,Green Bay Packers,Washington Redskins,1,10,2016
48-41,48,41,New Orleans Saints,Arizona Cardinals,12,18,2016
36-19,36,19,Los Angeles Rams,Cleveland Browns,12,3,2023
44-30,44,30,Cincinnati Bengals,San Francisco 49ers,12,5,1999
42-29,42,29,Detroit Lions,Seattle Seahawks,9,30,2024
62-14,62,14,Cleveland Browns,New York Giants,12,6,1953
45-12,45,12,New York Giants,Washington Redskins,12,21,2009
49-38,49,38,Cleveland Browns,Dallas Cowboys,10,4,2020
56-21,56,21,Philadelphia Eagles,Detroit Lions,9,23,2007
45-26,45,26,Tennessee Titans,Indianapolis Colts,11,29,2020
58-20,58,20,Baltimore Colts,Buffalo Bills,12,12,1976
9-5,9,5,Indianapolis Colts,New York Jets,11,11,1984
55-23,55,23,Philadelphia Eagles,Washington Commanders,1,26,2025
45-30,45,30,Green Bay Packers,Chicago Bears,12,12,2021
33-8,33,8,Indianapolis Colts,Miami Dolphins,9,7,2025
60-0,60,0,Chicago Cardinals,Rochester Jeffersons,10,7,1923
3-2,3,2,Chicago Cardinals,Milwaukee Badgers,10,24,1926
38-8,38,8,Arizona Cardinals,Green Bay Packers,12,27,2015
47-24,47,24,Arizona Cardinals,San Francisco 49ers,1,5,2025
52-7,52,7,New England Patriots,Washington Redskins,10,28,2007
46-21,46,21,Dallas Cowboys,St. Louis Cardinals,11,23,1967
6-2,6,2,Dallas Cowboys,Cleveland Browns,12,12,1970
49-37,49,37,St. Louis Rams,Minnesota Vikings,1,16,2000
37-18,37,18,Dallas Cowboys,New York Giants,11,4,2019
47-16,47,16,Dallas Cowboys,Washington Redskins,12,29,2019
40-39,40,39,Dallas Cowboys,Atlanta Falcons,9,20,2020
35-29,35,29,Dallas Cowboys,New England Patriots,10,17,2021
43-3,43,3,Dallas Cowboys,Atlanta Falcons,11,14,2021
49-29,49,29,Dallas Cowboys,Chicago Bears,10,30,2022
50-34,50,34,San Diego Chargers,Cincinnati Bengals,12,20,1982
40-38,40,38,Los Angeles Raiders,Dallas Cowboys,10,23,1983
17-11,17,11,San Francisco 49ers,Philadelphia Eagles,9,19,2021
51-48,51,48,Denver Broncos,Dallas Cowboys,10,6,2013
11-10,11,10,Denver Broncos,San Francisco 49ers,9,25,2022
41-32,41,32,Denver Broncos,Cleveland Browns,12,2,2024
11-3,11,3,Minnesota Vikings,Green Bay Packers,9,30,1973
23-2,23,2,Detroit Lions,Los Angeles Rams,9,14,1963
13-11,13,11,Detroit Lions,Philadelphia Eagles,11,16,1986
37-25,37,25,Detroit Lions,Washington Redskins,10,31,2010
49-35,49,35,Detroit Lions,Carolina Panthers,11,20,2011
35-11,35,11,Detroit Lions,Green Bay Packers,12,31,2017
12-8,12,8,Tennessee Oilers,Baltimore Ravens,10,11,1998
12-12,12,12,Chicago Bears,Green Bay Packers,9,30,1928
56-3,56,3,New England Patriots,New York Jets,9,9,1979
48-25,48,25,Tampa Bay Buccaneers,Atlanta Falcons,9,19,2021
44-31,44,31,Green Bay Packers,Minnesota Vikings,10,27,2013
48-32,48,32,Green Bay Packers,Dallas Cowboys,1,14,2024
41-29,41,29,Houston Texans,Los Angeles Chargers,12,26,2021
45-19,45,19,Philadelphia Eagles,New York Jets,12,18,2011
36-26,36,26,San Francisco 49ers,Arizona Cardinals,11,17,2019
49-6,49,6,New York Giants,St. Louis Cardinals,12,7,1969
32-24,32,24,Philadelphia Eagles,Minnesota Vikings,10,15,1990
19-18,19,18,Tampa Bay Buccaneers,Arizona Cardinals,9,28,1997
52-9,52,9,Oakland Raiders,Carolina Panthers,12,24,2000
42-41,42,41,Kansas City Chiefs,San Diego Chargers,10,19,1986
48-30,48,30,Minnesota Vikings,Philadelphia Eagles,12,15,2013
40-26,40,26,Kansas City Chiefs,Jacksonville Jaguars,9,8,2019
40-9,40,9,Kansas City Chiefs,Oakland Raiders,12,1,2019
43-16,43,16,Kansas City Chiefs,Denver Broncos,10,25,2020
33-29,33,29,Kansas City Chiefs,Cleveland Browns,9,12,2021
19-8,19,8,Kansas City Chiefs,Denver Broncos,10,12,2023
17-5,17,5,Philadelphia Eagles,Phoenix Cardinals,10,15,1989
44-26,44,26,Miami Dolphins,Houston Texans,10,25,2015
42-38,42,38,Miami Dolphins,Baltimore Ravens,9,18,2022
11-6,11,6,Miami Dolphins,New York Jets,1,8,2023
54-13,54,13,New England Patriots,New York Jets,10,24,2021
49-20,49,20,Philadelphia Eagles,Oakland Raiders,11,3,2013
50-10,50,10,New England Patriots,Jacksonville Jaguars,1,2,2022
48-26,48,26,Los Angeles Rams,San Francisco 49ers,10,5,1980
37-32,37,32,Los Angeles Rams,Tampa Bay Buccaneers,9,25,2016
51-29,51,29,Seattle Seahawks,Detroit Lions,1,2,2022
52-49,52,49,New Orleans Saints,New York Giants,11,1,2015
36-25,36,25,New Orleans Saints,Chicago Bears,10,20,2019
47-21,47,21,New England Patriots,Baltimore Colts,11,23,1980
40-22,40,22,Philadelphia Eagles,Kansas City Chiefs,2,9,2025
52-28,52,28,New England Patriots,Buffalo Bills,9,30,2012
53-0,53,0,New York Giants,Washington Redskins,11,5,1961
49-3,49,3,New York Giants,San Francisco 49ers,1,4,1987
47-3,47,3,Baltimore Ravens,Buffalo Bills,9,9,2018
16-11,16,11,Tampa Bay Buccaneers,New Orleans Saints,12,11,2016
30-8,30,8,New York Jets,Tennessee Titans,12,13,2015
24-8,24,8,Philadelphia Eagles,Washington Commanders,9,25,2022
42-33,42,33,Houston Oilers,Denver Broncos,11,26,1995
44-42,44,42,Los Angeles Rams,Buffalo Bills,12,8,2024
40-29,40,29,Philadelphia Eagles,New Orleans Saints,11,21,2021
34-34,34,34,Atlanta Falcons,Pittsburgh Steelers,11,10,2002
32-9,32,9,Tampa Bay Buccaneers,Philadelphia Eagles,1,15,2024
52-24,52,24,Pittsburgh Steelers,San Diego Chargers,11,25,1984
38-29,38,29,Pittsburgh Steelers,Philadelphia Eagles,10,11,2020
37-12,37,12,Las Vegas Raiders,Denver Broncos,11,15,2020
39-3,39,3,San Diego Chargers,New York Jets,10,14,1990
22-5,22,5,Seattle Seahawks,Cleveland Browns,11,14,1993
41-36,41,36,Seattle Seahawks,New Orleans Saints,1,8,2011
31-8,31,8,Baltimore Ravens,New Orleans Saints,12,19,1999
47-42,47,42,Los Angeles Chargers,Cleveland Browns,10,10,2021
30-30,30,30,Chicago Bears,San Francisco 49ers,11,13,1966
14-5,14,5,Tampa Bay Buccaneers,Seattle Seahawks,11,27,2016
50-14,50,14,San Francisco 49ers,Arizona Cardinals,12,7,2003
62-0,62,0,Akron Pros,Oorang Indians,10,29,1922
48-31,48,31,Atlanta Falcons,Chicago Bears,11,16,1969
46-6,46,6,Atlanta Falcons,Chicago Bears,10,14,1973
39-34,39,34,Atlanta Falcons,San Francisco 49ers,10,13,1991
8-5,8,5,Atlanta Falcons,Los Angeles Rams,10,2,1994
36-15,36,15,Atlanta Falcons,Detroit Lions,12,22,2002
45-32,45,32,Atlanta Falcons,New Orleans Saints,9,26,2016
48-33,48,33,Atlanta Falcons,Carolina Panthers,10,2,2016
58-24,58,24,Buffalo Bills,Miami Dolphins,9,18,1966
46-31,46,31,Buffalo Bills,New York Jets,9,23,1979
52-34,52,34,Buffalo Bills,Pittsburgh Steelers,9,8,1991
45-39,45,39,Buffalo Bills,Minnesota Vikings,9,15,2002
54-31,54,31,Buffalo Bills,Kansas City Chiefs,11,23,2008
56-26,56,26,Buffalo Bills,Miami Dolphins,1,3,2021
48-42,48,42,Buffalo Bills,Detroit Lions,12,15,2024
41-40,41,40,Buffalo Bills,Baltimore Ravens,9,7,2025
44-11,44,11,Carolina Panthers,Atlanta Falcons,1,1,2006
49-15,49,15,Carolina Panthers,Arizona Cardinals,1,24,2016
46-27,46,27,Carolina Panthers,San Francisco 49ers,9,18,2016
20-2,20,2,Chicago Bears,Cleveland Rams,10,10,1937
73-0,73,0,Chicago Bears,Washington Redskins,12,8,1940
58-27,58,27,Chicago Bears,Baltimore Colts,10,21,1956
61-20,61,20,Chicago Bears,San Francisco 49ers,12,12,1965
51-20,51,20,Chicago Bears,Tennessee Titans,11,4,2012
53-10,53,10,Cleveland Bulldogs,Milwaukee Badgers,11,27,1924
61-17,61,17,Cincinnati Bengals,Houston Oilers,12,17,1972
50-24,50,24,Cincinnati Bengals,Dallas Cowboys,12,8,1985
56-23,56,23,Cincinnati Bengals,Tampa Bay Buccaneers,10,29,1989
58-48,58,48,Cincinnati Bengals,Cleveland Browns,11,28,2004
49-9,49,9,Cincinnati Bengals,New York Jets,10,27,2013
37-37,37,37,Carolina Panthers,Cincinnati Bengals,10,12,2014
22-18,22,18,Cincinnati Bengals,New England Patriots,12,24,2022
66-14,66,14,Cleveland Browns,Brooklyn Dodgers,12,8,1946
61-14,61,14,Cleveland Browns,Los Angeles Dons,10,14,1949
35-2,35,2,Cleveland Browns,Chicago Hornets,11,6,1949
8-3,8,3,Cleveland Browns,New York Giants,12,17,1950
62-3,62,3,Cleveland Browns,Washington Redskins,11,7,1954
48-34,48,34,Cleveland Browns,New York Giants,12,18,1960
49-40,49,40,Cleveland Browns,New York Giants,12,4,1966
11-8,11,8,Cleveland Browns,Houston Oilers,10,13,1994
40-25,40,25,Cleveland Browns,Baltimore Ravens,9,29,2019
48-37,48,37,Cleveland Browns,Pittsburgh Steelers,1,10,2021
51-38,51,38,Baltimore Colts,Chicago Bears,10,4,1958
52-19,52,19,Baltimore Colts,New York Jets,11,16,1975
10-8,10,8,Baltimore Colts,New York Jets,10,7,1979
47-6,47,6,Indianapolis Colts,Buffalo Bills,10,4,1987
42-26,42,26,Indianapolis Colts,Buffalo Bills,9,23,2001
39-33,39,33,Indianapolis Colts,Denver Broncos,10,20,2013
45-44,45,44,Indianapolis Colts,Kansas City Chiefs,1,4,2014
37-5,37,5,Indianapolis Colts,Buffalo Bills,10,21,2018
41-15,41,15,Indianapolis Colts,Buffalo Bills,11,21,2021
63-35,63,35,Chicago Cardinals,New York Giants,10,17,1948
65-20,65,20,Chicago Cardinals,New York Bulldogs,11,13,1949
55-13,55,13,Chicago Cardinals,Baltimore Colts,10,2,1950
53-14,53,14,Chicago Cardinals,Chicago Bears,11,27,1955
33-33,33,33,Cleveland Browns,St. Louis Cardinals,9,20,1964
40-30,40,30,St. Louis Cardinals,Washington Redskins,9,20,1981
40-11,40,11,Arizona Cardinals,Indianapolis Colts,11,24,2013
31-5,31,5,Arizona Cardinals,Houston Texans,10,24,2021
59-13,59,13,Dallas Cowboys,Detroit Lions,9,15,1968
30-11,30,11,Dallas Cowboys,Philadelphia Eagles,1,7,1996
40-15,40,15,Dallas Cowboys,Minnesota Vikings,12,28,1996
43-39,43,39,Dallas Cowboys,Seattle Seahawks,12,6,2004
51-26,51,26,Dallas Cowboys,Philadelphia Eagles,1,8,2022
54-19,54,19,Dallas Cowboys,Indianapolis Colts,12,4,2022
43-20,43,20,Dallas Cowboys,Los Angeles Rams,10,29,2023
38-38,38,38,Buffalo Bills,Denver Broncos,11,27,1960
46-3,46,3,Denver Broncos,New York Jets,9,19,1976
34-8,34,8,Denver Broncos,New England Patriots,11,17,1996
22-8,22,8,Denver Broncos,Oakland Raiders,11,30,2003
51-28,51,28,Denver Broncos,Tennessee Titans,12,8,2013
29-12,29,12,Denver Broncos,Cleveland Browns,11,26,2023
11-0,11,0,Detroit Lions,Tampa Bay Buccaneers,9,4,1983
40-27,40,27,Detroit Lions,Denver Broncos,11,22,1990
26-12,26,12,Detroit Lions,Arizona Cardinals,12,5,2004
47-9,47,9,Detroit Lions,Dallas Cowboys,10,13,2024
52-6,52,6,Detroit Lions,Jacksonville Jaguars,11,17,2024
10-2,10,2,Duluth Eskimos,Canton Bulldogs,11,21,1926
5-3,5,3,Frankford Yellow Jackets,New York Giants,10,17,1925
54-0,54,0,Frankford Yellow Jackets,Buffalo Bisons,10,15,1927
9-2,9,2,Green Bay Packers,Chicago Cardinals,10,6,1929
50-7,50,7,Green Bay Packers,Detroit Lions,11,24,1940
54-7,54,7,Green Bay Packers,Pittsburgh Steelers,11,23,1941
57-21,57,21,Green Bay Packers,Detroit Lions,10,7,1945
48-47,48,47,Green Bay Packers,Washington Redskins,10,17,1983
43-10,43,10,Green Bay Packers,Detroit Lions,10,6,1985
44-40,44,40,Green Bay Packers,Detroit Lions,11,27,1986
39-13,39,13,Green Bay Packers,Philadelphia Eagles,9,9,1996
52-3,52,3,Green Bay Packers,New Orleans Saints,10,9,2005
49-23,49,23,Green Bay Packers,Denver Broncos,10,2,2011
46-16,46,16,Green Bay Packers,Oakland Raiders,12,11,2011
53-20,53,20,Green Bay Packers,Philadelphia Eagles,11,16,2014
43-34,43,34,Green Bay Packers,Minnesota Vikings,9,13,2020
24-5,24,5,Houston Texans,Chicago Bears,12,19,2004
57-14,57,14,Houston Texans,Tennessee Titans,10,1,2017
53-32,53,32,Houston Texans,Atlanta Falcons,10,6,2019
39-37,39,37,Houston Texans,Tampa Bay Buccaneers,11,5,2023
32-12,32,12,Houston Texans,Los Angeles Chargers,1,11,2025
24-11,24,11,Jacksonville Jaguars,Cincinnati Bengals,11,8,1998
49-11,49,11,Jacksonville Jaguars,Oakland Raiders,12,23,2007
51-16,51,16,Jacksonville Jaguars,Indianapolis Colts,12,13,2015
43-11,43,11,Dallas Texans,Oakland Raiders,11,26,1961
59-7,59,7,Kansas City Chiefs,Denver Broncos,9,7,1963
49-39,49,39,Kansas City Chiefs,Denver Broncos,11,1,1964
42-18,42,18,Kansas City Chiefs,New York Jets,11,5,1967
34-2,34,2,Kansas City Chiefs,Denver Broncos,9,22,1968
42-22,42,22,Kansas City Chiefs,Cincinnati Bengals,10,26,1969
54-34,54,34,Kansas City Chiefs,St. Louis Rams,10,22,2000
49-10,49,10,Kansas City Chiefs,St. Louis Rams,12,8,2002
38-5,38,5,Kansas City Chiefs,Buffalo Bills,10,26,2003
28-2,28,2,Kansas City Chiefs,Jacksonville Jaguars,9,8,2013
56-31,56,31,Kansas City Chiefs,Oakland Raiders,12,15,2013
51-31,51,31,Kansas City Chiefs,Houston Texans,1,12,2020
48-9,48,9,Kansas City Chiefs,Las Vegas Raiders,12,12,2021
46-13,46,13,Miami Dolphins,Chicago Bears,11,2,1975
39-24,39,24,Miami Dolphins,New England Patriots,11,29,1979
70-20,70,20,Miami Dolphins,Denver Broncos,9,24,2023
45-15,45,15,Miami Dolphins,Washington Commanders,12,3,2023
32-26,32,26,Miami Dolphins,New York Jets,12,8,2024
17-8,17,8,Milwaukee Badgers,Chicago Cardinals,11,2,1924
46-36,46,36,Minnesota Vikings,Dallas Cowboys,11,26,1998
26-26,26,26,Green Bay Packers,Minnesota Vikings,11,24,2013
29-29,29,29,Green Bay Packers,Minnesota Vikings,9,16,2018
51-42,51,42,New Orleans Saints,St. Louis Cardinals,11,2,1969
43-38,43,38,New Orleans Saints,San Francisco 49ers,11,23,1969
43-27,43,27,New Orleans Saints,Washington Redskins,10,13,2002
46-34,46,34,New Orleans Saints,Miami Dolphins,10,25,2009
52-38,52,38,New Orleans Saints,Detroit Lions,10,15,2017
43-19,43,19,New Orleans Saints,Washington Redskins,10,8,2018
52-33,52,33,New Orleans Saints,Minnesota Vikings,12,25,2020
44-19,44,19,New Orleans Saints,Dallas Cowboys,9,15,2024
46-28,46,28,Boston Patriots,Houston Oilers,12,8,1963
46-38,46,38,New England Patriots,Baltimore Ravens,10,6,1996
42-15,42,15,New England Patriots,Cleveland Browns,12,5,2004
59-24,59,24,New England Patriots,Indianapolis Colts,11,18,2012
49-19,49,19,New England Patriots,New York Jets,11,22,2012
55-31,55,31,New England Patriots,Pittsburgh Steelers,11,3,2013
43-22,43,22,New England Patriots,Indianapolis Colts,1,11,2014
43-40,43,40,New England Patriots,Kansas City Chiefs,10,14,2018
19-19,19,19,Detroit Wolverines,New York Giants,11,11,1928
49-34,49,34,New York Giants,Washington Redskins,10,28,1962
42-40,42,40,New York Giants,Green Bay Packers,9,19,1971
62-10,62,10,New York Giants,Philadelphia Eagles,11,26,1972
39-20,39,20,New York Giants,Denver Broncos,1,25,1987
33-15,33,15,New York Giants,San Francisco 49ers,10,21,2007
52-27,52,27,New York Giants,New Orleans Saints,12,9,2012
46-45,46,45,New York Titans,Denver Broncos,11,22,1962
52-13,52,13,New York Jets,Houston Oilers,9,18,1966
47-31,47,31,New York Jets,Boston Patriots,9,22,1968
62-28,62,28,New York Jets,Tampa Bay Buccaneers,11,17,1985
56-35,56,35,New York Jets,Arizona Cardinals,9,28,2008
45-25,45,25,Houston Oilers,Denver Broncos,11,6,1960
49-33,49,33,Houston Oilers,San Diego Chargers,12,19,1971
58-14,58,14,Houston Oilers,Cleveland Browns,12,9,1990
47-36,47,36,Tennessee Titans,Pittsburgh Steelers,1,2,2000
42-39,42,39,Tennessee Titans,Jacksonville Jaguars,12,6,2015
42-16,42,16,Tennessee Titans,Buffalo Bills,10,13,2020
46-25,46,25,Tennessee Titans,Detroit Lions,12,20,2020
64-0,64,0,Philadelphia Eagles,Cincinnati Reds,11,6,1934
49-25,49,25,Philadelphia Eagles,Boston Yanks,10,6,1946
40-8,40,8,Philadelphia Eagles,San Francisco 49ers,10,2,1994
58-37,58,37,Philadelphia Eagles,Detroit Lions,12,30,1995
40-18,40,18,Philadelphia Eagles,Dallas Cowboys,9,30,2001
36-3,36,3,Philadelphia Eagles,Dallas Cowboys,11,18,2001
23-11,23,11,Philadelphia Eagles,New York Giants,1,11,2009
59-28,59,28,Philadelphia Eagles,Washington Redskins,11,15,2010
54-11,54,11,Philadelphia Eagles,Chicago Bears,12,22,2013
25-11,25,11,Philadelphia Eagles,Tampa Bay Buccaneers,9,25,2023
63-7,63,7,Pittsburgh Steelers,New York Giants,11,30,1952
55-27,55,27,Pittsburgh Steelers,Cleveland Browns,10,17,1954
27-2,27,2,Pittsburgh Steelers,Chicago Cardinals,12,22,1957
47-28,47,28,Pittsburgh Steelers,New York Giants,12,11,1966
57-33,57,33,Pittsburgh Steelers,Atlanta Falcons,12,18,1966
34-5,34,5,Pittsburgh Steelers,Houston Oilers,1,7,1979
51-35,51,35,Pittsburgh Steelers,Cleveland Browns,10,7,1979
39-21,39,21,Pittsburgh Steelers,Denver Broncos,10,23,1988
51-34,51,34,Pittsburgh Steelers,Indianapolis Colts,10,26,2014
43-18,43,18,Pittsburgh Steelers,San Francisco 49ers,9,20,2015
21-2,21,2,Providence Steam Roller,Canton Bulldogs,11,11,1926
10-4,10,4,Racine Legion,Chicago Cardinals,11,25,1923
43-43,43,43,Boston Patriots,Oakland Raiders,10,16,1964
44-22,44,22,Oakland Raiders,Kansas City Chiefs,11,23,1967
48-6,48,6,Oakland Raiders,Buffalo Bills,9,15,1968
43-32,43,32,Oakland Raiders,New York Jets,11,17,1968
41-26,41,26,Oakland Raiders,New England Patriots,12,1,1974
49-16,49,16,Oakland Raiders,Tampa Bay Buccaneers,11,28,1976
50-19,50,19,Oakland Raiders,Atlanta Falcons,10,14,1979
45-22,45,22,Oakland Raiders,San Diego Chargers,10,25,1979
44-37,44,37,Los Angeles Raiders,San Diego Chargers,10,21,1984
52-25,52,25,Oakland Raiders,Tennessee Titans,9,29,2002
40-35,40,35,Oakland Raiders,Tennessee Titans,12,19,2004
39-23,39,23,Oakland Raiders,Denver Broncos,12,19,2010
63-21,63,21,Las Vegas Raiders,Los Angeles Chargers,12,14,2023
52-37,52,37,Los Angeles Rams,New York Giants,11,14,1948
53-27,53,27,Los Angeles Rams,Washington Redskins,12,11,1949
70-27,70,27,Los Angeles Rams,Baltimore Colts,10,22,1950
65-24,65,24,Los Angeles Rams,Detroit Lions,10,29,1950
54-14,54,14,Los Angeles Rams,New York Yanks,9,28,1951
45-2,45,2,Los Angeles Rams,Baltimore Colts,12,5,1953
48-35,48,35,Los Angeles Rams,Detroit Lions,10,30,1960
41-30,41,30,Los Angeles Rams,San Francisco 49ers,11,9,1969
46-14,46,14,Los Angeles Rams,St. Louis Cardinals,12,15,1985
59-16,59,16,St. Louis Rams,Atlanta Falcons,11,10,1996
43-12,43,12,St. Louis Rams,New Orleans Saints,11,28,1999
57-31,57,31,St. Louis Rams,San Diego Chargers,10,1,2000
46-9,46,9,Los Angeles Rams,Indianapolis Colts,9,10,2017
41-39,41,39,Los Angeles Rams,San Francisco 49ers,9,21,2017
54-51,54,51,Los Angeles Rams,Kansas City Chiefs,11,19,2018
38-11,38,11,Los Angeles Rams,New York Giants,10,17,2021
39-27,39,27,Baltimore Ravens,Indianapolis Colts,12,2,2001
59-10,59,10,Baltimore Ravens,Miami Dolphins,9,8,2019
25-9,25,9,Baltimore Ravens,Houston Texans,9,10,2023
56-19,56,19,Baltimore Ravens,Miami Dolphins,12,31,2023
66-0,66,0,Rochester Jeffersons,Fort Porter,10,10,1920
50-43,50,43,Los Angeles Chargers,New York Titans,12,18,1960
47-23,47,23,San Diego Chargers,Denver Broncos,12,1,1968
54-44,54,44,San Diego Chargers,Pittsburgh Steelers,12,8,1985
50-28,50,28,San Diego Chargers,Miami Dolphins,9,7,1986
45-23,45,23,San Diego Chargers,New York Giants,9,25,2005
49-41,49,41,San Diego Chargers,Cincinnati Bengals,11,12,2006
48-29,48,29,San Diego Chargers,New York Jets,9,22,2008
54-24,54,24,Los Angeles Chargers,Buffalo Bills,11,19,2017
39-29,39,29,Los Angeles Chargers,Jacksonville Jaguars,10,25,2020
47-30,47,30,Seattle Seahawks,Jacksonville Jaguars,11,12,1995
22-15,22,15,Seattle Seahawks,Miami Dolphins,10,6,1996
36-18,36,18,Seattle Seahawks,Arizona Cardinals,11,14,2010
58-0,58,0,Seattle Seahawks,Arizona Cardinals,12,9,2012
43-8,43,8,Seattle Seahawks,Denver Broncos,2,2,2014
36-16,36,16,Seattle Seahawks,Green Bay Packers,9,4,2014
39-30,39,30,Seattle Seahawks,Pittsburgh Steelers,11,29,2015
46-18,46,18,Seattle Seahawks,Indianapolis Colts,10,1,2017
48-45,48,45,Seattle Seahawks,Detroit Lions,10,2,2022
63-40,63,40,San Francisco 49ers,Brooklyn Dodgers,11,21,1948
56-28,56,28,San Francisco 49ers,Cleveland Browns,10,9,1949
37-2,37,2,San Francisco 49ers,New Orleans Saints,10,1,1972
55-10,55,10,San Francisco 49ers,Denver Broncos,1,28,1990
21-8,21,8,San Francisco 49ers,Cincinnati Bengals,12,5,1993
55-17,55,17,San Francisco 49ers,Detroit Lions,12,19,1993
44-3,44,3,San Francisco 49ers,New York Giants,1,15,1994
44-15,44,15,San Francisco 49ers,Chicago Bears,1,7,1995
36-32,36,32,San Francisco 49ers,New Orleans Saints,1,14,2012
44-33,44,33,San Francisco 49ers,Jacksonville Jaguars,12,24,2017
51-13,51,13,San Francisco 49ers,Carolina Panthers,10,27,2019
48-46,48,46,San Francisco 49ers,New Orleans Saints,12,8,2019
36-9,36,9,San Francisco 49ers,New York Giants,9,27,2020
32-19,32,19,San Francisco 49ers,New York Jets,9,9,2024
10-5,10,5,Tampa Bay Buccaneers,Buffalo Bills,12,4,1988
19-5,19,5,Tampa Bay Buccaneers,Philadelphia Eagles,9,19,1999
48-40,48,40,Tampa Bay Buccaneers,New Orleans Saints,9,9,2018
55-40,55,40,Tampa Bay Buccaneers,Los Angeles Rams,9,29,2019
46-23,46,23,Tampa Bay Buccaneers,Carolina Panthers,11,15,2020
8-6,8,6,Boston Braves,Chicago Cardinals,11,27,1932
7-5,7,5,Washington Redskins,Detroit Lions,10,16,1938
59-21,59,21,Washington Redskins,Boston Yanks,10,31,1948
72-41,72,41,Washington Redskins,New York Giants,11,27,1966
33-9,33,9,Washington Redskins,San Francisco 49ers,11,11,1973
38-12,38,12,Washington Redskins,New York Giants,10,11,1987
